player,team,opponent,opposing_pitcher,confirmed_lineup,lineup_status,lineup_source,late_hitter_lock_status,late_hitter_lock_note,today_lineup_slot,projected_pa,model_hit_probability,secondary_hit_probability,third_hit_probability,pa_path_hit_probability,odds,current_snapshot_odds,current_dk_hit_odds,pregame_to_0for1_fair_odds_move,first_pa_no_hit_games,recovery_hit_rate_after_0for1,bayes_recovery_hit_rate,fair_live_odds_after_0for1,first_pa_hit_rate,full_game_hit_rate,avg_remaining_pa_after_0for1,leadoff_samples,leadoff_recovery_hit_rate,sample_flag,buyback_watch_score,late_hitter_pool_rank,sharpie_late_hitter_reserved,sharpie_late_hitter_slot
Andy Pages,LAD,NYM,Freddy Peralta,True,confirmed,MLB Starting Lineups Page,LOCKED,LOCKED: Andy Pages is confirmed in today's lineup at slot #2.,2.0,4.5,0.6641,0.6721,0.6748,0.7146,-256,-256.0,-256.0,108.0,17,0.7058823529411765,0.5966178921712327,-148,0.0,0.7058823529411765,3.3529411764705883,0,,strong,82.11947245264487,1,True,1
Junior Caminero,TB,CLE,Parker Messick,True,confirmed,MLB Starting Lineups Page,LOCKED,LOCKED: Junior Caminero is confirmed in today's lineup at slot #3.,3.0,4.3,0.6479,0.6497,0.6512,0.6619,-224,-224.0,-224.0,48.0,12,0.8333333333333334,0.6375799530402396,-176,0.2,0.8666666666666667,3.9166666666666665,0,,strong,79.57912167680047,2,True,2
Shohei Ohtani,LAD,NYM,Freddy Peralta,True,confirmed,MLB Starting Lineups Page,LOCKED,LOCKED: Shohei Ohtani is confirmed in today's lineup at slot #1.,1.0,4.62,0.6552,0.6722,0.6723,0.7104,-261,-261.0,-261.0,108.0,10,0.8,0.6046326760438978,-153,0.375,0.875,3.7,10,0.8,usable,78.67566760438977,3,True,3
Spencer Steer,CIN,STL,Kyle Leahy,True,confirmed,MLB Starting Lineups Page,LOCKED,LOCKED: Spencer Steer is confirmed in today's lineup at slot #2.,2.0,4.5,0.6888,0.6897,0.68,0.7213,-252,-252.0,-252.0,99.0,10,0.8,0.6046326760438978,-153,0.375,0.875,3.0,0,,usable,77.6788676043898,4,True,4
Jung Hoo Lee,SF,LAA,José Soriano,False,Lineup Wait,,HOLD,HOLD: wait for confirmed lineup before using this as a Sharpie late-hitter target.,4.77,4.18,0.6288,0.6294,0.6419,0.6628,-246,-246.0,-246.0,62.0,7,1.0,0.6474694143666185,-184,0.2222222222222222,1.0,2.857142857142857,4,1.0,usable,77.32654143666186,5,True,5
Cole Young,SEA,TEX,Jacob deGrom,True,confirmed,MLB Starting Lineups Page,LOCKED,LOCKED: Cole Young is confirmed in today's lineup at slot #1.,1.0,4.62,0.6275,0.6571,0.668,0.7046,-173,-173.0,-173.0,42.0,15,0.6666666666666666,0.5667377360357686,-131,0.11764705882352941,0.7058823529411765,3.0,1,1.0,strong,76.83931566262785,6,False,
Pete Crow-Armstrong,CHC,PIT,Braxton Ashcraft,True,confirmed,MLB Starting Lineups Page,LOCKED,LOCKED: Pete Crow-Armstrong is confirmed in today's lineup at slot #1.,1.0,4.62,0.588,0.6306,0.6494,0.6861,-268,-268.0,-268.0,137.0,15,0.6666666666666666,0.5667377360357686,-131,0.11764705882352941,0.7058823529411765,3.533333333333333,8,0.75,strong,76.36531566262785,7,False,
Willson Contreras,BOS,TOR,Kevin Gausman,True,confirmed,MLB Starting Lineups Page,LOCKED,LOCKED: Willson Contreras is confirmed in today's lineup at slot #4.,4.0,4.2,0.645,0.6448,0.6406,0.6547,-209,-209.0,-209.0,45.0,11,0.8181818181818182,0.6218225596941631,-164,0.26666666666666666,0.8666666666666667,3.090909090909091,0,,usable,76.13892263608297,8,False,
Alec Burleson,STL,CIN,Andrew Abbott,True,confirmed,MLB Starting Lineups Page,LOCKED,LOCKED: Alec Burleson is confirmed in today's lineup at slot #4.,4.0,4.2,0.6598,0.6646,0.6553,0.6702,-266,-266.0,-266.0,123.0,14,0.7142857142857143,0.5885353412679135,-143,0.125,0.75,3.0,0,,strong,74.75079383290117,9,False,
Dylan Crews,WSH,AZ,Kohl Drake,True,confirmed,MLB Starting Lineups Page,LOCKED,LOCKED: Dylan Crews is confirmed in today's lineup at slot #3.,3.0,4.3,0.6121,0.6293,0.6386,0.6482,-229,,-229.0,88.0,9,0.7777777777777778,0.5858056606174168,-141,0.1,0.8,3.3333333333333335,0,,usable,73.95542576785151,10,False,
Munetaka Murakami,CWS,HOU,Ronel Blanco,True,confirmed,MLB Starting Lineups Page,LOCKED,LOCKED: Munetaka Murakami is confirmed in today's lineup at slot #2.,2.0,4.42,0.6364,0.6497,0.6439,0.678,-160,-160.0,-160.0,38.0,14,0.6428571428571429,0.5500738028063751,-122,0.06666666666666667,0.6666666666666666,3.2857142857142856,0,,strong,73.65717332008066,11,False,
Trea Turner,PHI,NYY,Will Warren,False,Lineup Wait,,HOLD,HOLD: wait for confirmed lineup before using this as a Sharpie late-hitter target.,1.35,4.58,0.5756,0.6337,0.6534,0.6906,-267,-267.0,-267.0,145.0,14,0.6428571428571429,0.5500738028063751,-122,0.125,0.6875,3.4285714285714284,9,0.5555555555555556,strong,73.28923998674733,12,False,
Ceddanne Rafaela,BOS,TOR,Kevin Gausman,True,confirmed,MLB Starting Lineups Page,LOCKED,LOCKED: Ceddanne Rafaela is confirmed in today's lineup at slot #2.,2.0,4.42,0.6048,0.6326,0.6465,0.6762,-243,-243.0,-243.0,106.0,11,0.7272727272727273,0.5783442988245979,-137,0.21428571428571427,0.7857142857142857,3.4545454545454546,0,,usable,73.19917273960264,13,False,
Alex Bregman,CHC,PIT,Braxton Ashcraft,False,Lineup Wait,,HOLD,HOLD: wait for confirmed lineup before using this as a Sharpie late-hitter target.,3.15,4.37,0.5959,0.6247,0.6405,0.6592,-211,-211.0,-211.0,70.0,9,0.7777777777777778,0.5858056606174168,-141,0.47058823529411764,0.8823529411764706,3.4444444444444446,0,,usable,72.73489547350638,14,False,
Ezequiel Tovar,COL,MIL,Jacob Misiorowski,False,Lineup Wait,,HOLD,HOLD: wait for confirmed lineup before using this as a Sharpie late-hitter target.,4.25,4.25,0.5467,0.5939,0.6156,0.6349,-115,-115.0,-115.0,-28.0,14,0.7142857142857143,0.5885353412679135,-143,0.17647058823529413,0.7647058823529411,2.857142857142857,0,,strong,72.56124089172471,15,False,
Iván Herrera,STL,CIN,Andrew Abbott,True,confirmed,MLB Starting Lineups Page,LOCKED,LOCKED: Iván Herrera is confirmed in today's lineup at slot #3.,3.0,4.3,0.6393,0.6568,0.658,0.6675,-256,-256.0,-256.0,122.0,13,0.6923076923076923,0.5720767549186301,-134,0.1875,0.75,3.3846153846153846,0,,strong,72.45893519797283,16,False,
Ben Rice,NYY,PHI,Cristopher Sánchez,False,Lineup Wait,,HOLD,HOLD: wait for confirmed lineup before using this as a Sharpie late-hitter target.,1.9,4.51,0.677,0.6841,0.6772,0.7189,-201,-201.0,-201.0,77.0,12,0.6666666666666666,0.5542466197069064,-124,0.2,0.7333333333333333,3.4166666666666665,3,0.3333333333333333,strong,72.19165501013379,17,False,
Elly De La Cruz,CIN,STL,Kyle Leahy,True,confirmed,MLB Starting Lineups Page,LOCKED,LOCKED: Elly De La Cruz is confirmed in today's lineup at slot #1.,1.0,4.62,0.6994,0.7025,0.6935,0.7318,-276,-276.0,-276.0,171.0,14,0.5714285714285714,0.5116122643448366,-105,0.06666666666666667,0.6,3.5,0,,strong,71.70035280726015,18,False,
José Ramírez,CLE,TB,Drew Rasmussen,True,confirmed,MLB Starting Lineups Page,LOCKED,LOCKED: José Ramírez is confirmed in today's lineup at slot #2.,2.0,4.5,0.6367,0.6649,0.6682,0.7078,-212,-212.0,-212.0,88.0,12,0.6666666666666666,0.5542466197069064,-124,0.25,0.75,3.5,0,,strong,71.66506197069064,19,False,
Travis Bazzana,CLE,TB,Drew Rasmussen,True,confirmed,MLB Starting Lineups Page,LOCKED,LOCKED: Travis Bazzana is confirmed in today's lineup at slot #5.,5.0,4.15,0.5712,0.6145,0.6276,0.6495,-146,-146.0,-146.0,-1.0,12,0.75,0.595913286373573,-147,0.25,0.8125,3.1666666666666665,6,0.8333333333333334,strong,71.5207286373573,20,False,
Nathan Lukes,TOR,BOS,Ranger Suarez,True,confirmed,MLB Starting Lineups Page,LOCKED,LOCKED: Nathan Lukes is confirmed in today's lineup at slot #1.,1.0,4.62,0.6126,0.654,0.6682,0.7045,-218,-218.0,-218.0,94.0,3,1.0,0.5534612581977167,-124,0.5,1.0,2.6666666666666665,1,1.0,thin,71.14732581977167,21,False,
Brandon Marsh,PHI,NYY,Will Warren,False,Lineup Wait,,HOLD,HOLD: wait for confirmed lineup before using this as a Sharpie late-hitter target.,4.15,4.26,0.6343,0.6508,0.6557,0.6762,-204,-204.0,-204.0,82.0,14,0.6428571428571429,0.5500738028063751,-122,0.06666666666666667,0.6666666666666666,2.5714285714285716,0,,strong,71.11197332008066,22,False,
Kyle Stowers,MIA,SD,Walker Buehler,True,confirmed,MLB Starting Lineups Page,LOCKED,LOCKED: Kyle Stowers is confirmed in today's lineup at slot #2.,2.0,4.42,0.6669,0.6561,0.6615,0.6918,-210,-210.0,-210.0,106.0,16,0.5625,0.510782816891634,-104,0.058823529411764705,0.5882352941176471,3.125,0,,strong,70.48427080703793,23,False,
Michael Busch,CHC,PIT,Braxton Ashcraft,True,confirmed,MLB Starting Lineups Page,LOCKED,LOCKED: Michael Busch is confirmed in today's lineup at slot #3.,3.0,4.38,0.5659,0.6091,0.6284,0.6469,-197,-197.0,-197.0,75.0,14,0.6428571428571429,0.5500738028063751,-122,0.17647058823529413,0.7058823529411765,3.5,0,,strong,70.00725175145323,24,False,
Daylen Lile,WSH,AZ,Kohl Drake,False,Lineup Wait,,HOLD,HOLD: wait for confirmed lineup before using this as a Sharpie late-hitter target.,4.9,4.16,0.64,0.6394,0.642,0.6655,-216,-216.0,-216.0,95.0,16,0.625,0.5464971026059197,-121,0.1111111111111111,0.6666666666666666,3.5,0,,strong,69.73381441114624,25,False,
Alec Bohm,PHI,NYY,Will Warren,False,Lineup Wait,,HOLD,HOLD: wait for confirmed lineup before using this as a Sharpie late-hitter target.,4.4,4.23,0.5267,0.5951,0.6178,0.6366,-233,-233.0,-233.0,99.0,13,0.6923076923076923,0.5720767549186301,-134,0.1875,0.75,3.230769230769231,0,,strong,69.63773519797283,26,False,
Carter Jensen,KC,DET,Framber Valdez,False,Lineup Wait,,HOLD,HOLD: wait for confirmed lineup before using this as a Sharpie late-hitter target.,1.81,4.52,0.6153,0.6317,0.6438,0.6832,-221,-221.0,-221.0,324.0,15,0.5333333333333333,0.49266366196169453,103,0.0,0.5333333333333333,2.7333333333333334,3,0.6666666666666666,strong,69.43162590227927,27,False,
Xavier Edwards,MIA,SD,Walker Buehler,True,confirmed,MLB Starting Lineups Page,LOCKED,LOCKED: Xavier Edwards is confirmed in today's lineup at slot #4.,4.0,4.2,0.6789,0.654,0.654,0.6663,-236,-236.0,-236.0,112.0,12,0.6666666666666666,0.5542466197069064,-124,0.3333333333333333,0.7777777777777778,3.3333333333333335,11,0.6363636363636364,strong,69.3492397484684,28,False,
Zach Neto,LAA,SF,Carson Whisenhunt,True,confirmed,MLB Starting Lineups Page,LOCKED,LOCKED: Zach Neto is confirmed in today's lineup at slot #1.,1.0,4.62,0.5984,0.6405,0.652,0.6891,-241,-241.0,-241.0,344.0,15,0.5333333333333333,0.49266366196169453,103,0.0625,0.5625,3.4,13,0.46153846153846156,strong,69.12682590227926,29,False,
Miguel Vargas,CWS,HOU,Ronel Blanco,True,confirmed,MLB Starting Lineups Page,LOCKED,LOCKED: Miguel Vargas is confirmed in today's lineup at slot #3.,3.0,4.3,0.6616,0.6593,0.6534,0.6653,-232,-232.0,-232.0,128.0,16,0.5625,0.510782816891634,-104,0.1111111111111111,0.6111111111111112,3.1875,0,,strong,68.08603028416212,30,False,
Jake Bauers,MIL,COL,Kyle Freeland,True,confirmed,MLB Starting Lineups Page,LOCKED,LOCKED: Jake Bauers is confirmed in today's lineup at slot #5.,5.0,4.07,0.6226,0.6252,0.6272,0.6444,-202,-202.0,-202.0,78.0,12,0.6666666666666666,0.5542466197069064,-124,0.14285714285714285,0.7142857142857143,3.1666666666666665,0,,strong,67.81123596251474,31,False,
CJ Abrams,WSH,AZ,Kohl Drake,True,confirmed,MLB Starting Lineups Page,LOCKED,LOCKED: CJ Abrams is confirmed in today's lineup at slot #4.,4.0,4.2,0.6469,0.6446,0.6442,0.6574,-235,-235.0,-235.0,122.0,15,0.6,0.5297006989987315,-113,0.16666666666666666,0.6666666666666666,3.4,0,,strong,67.4958629393163,32,False,
Bryan Reynolds,PIT,CHC,Jameson Taillon,True,confirmed,MLB Starting Lineups Page,LOCKED,LOCKED: Bryan Reynolds is confirmed in today's lineup at slot #3.,3.0,4.3,0.6082,0.6195,0.632,0.6407,-244,-244.0,-244.0,129.0,11,0.6363636363636364,0.5348660379550327,-115,0.35294117647058826,0.7647058823529411,3.272727272727273,0,,usable,67.28206261903269,33,False,
Brandon Lowe,PIT,CHC,Jameson Taillon,True,confirmed,MLB Starting Lineups Page,LOCKED,LOCKED: Brandon Lowe is confirmed in today's lineup at slot #2.,2.0,4.42,0.6613,0.6527,0.6551,0.6867,-230,-230.0,-230.0,125.0,12,0.5833333333333334,0.5125799530402396,-105,0.29411764705882354,0.7058823529411765,3.0833333333333335,0,,strong,66.95241883343573,34,False,
JJ Wetherholt,STL,CIN,Andrew Abbott,True,confirmed,MLB Starting Lineups Page,LOCKED,LOCKED: JJ Wetherholt is confirmed in today's lineup at slot #1.,1.0,4.54,0.6443,0.6683,0.6673,0.701,-231,-231.0,-231.0,334.0,13,0.5384615384615384,0.49207675491863007,103,0.13333333333333333,0.6,3.6153846153846154,13,0.5384615384615384,strong,66.90226853130618,35,False,
Nick Kurtz,ATH,MIN,Connor Prielipp,True,confirmed,MLB Starting Lineups Page,LOCKED,LOCKED: Nick Kurtz is confirmed in today's lineup at slot #2.,2.0,4.5,0.6236,0.6558,0.6591,0.6994,-222,-222.0,-222.0,117.0,12,0.5833333333333334,0.5125799530402396,-105,0.29411764705882354,0.7058823529411765,3.5,3,0.3333333333333333,strong,66.90001883343574,36,False,
Kyle Schwarber,PHI,NYY,Will Warren,False,Lineup Wait,,HOLD,HOLD: wait for confirmed lineup before using this as a Sharpie late-hitter target.,1.67,4.54,0.6291,0.6615,0.656,0.6989,-199,-199.0,-199.0,93.0,10,0.6,0.5137235851348069,-106,0.23076923076923078,0.6923076923076923,3.5,5,0.8,usable,66.50863543655761,37,False,
Pete Alonso,BAL,ATL,Reynaldo López,True,confirmed,MLB Starting Lineups Page,LOCKED,LOCKED: Pete Alonso is confirmed in today's lineup at slot #2.,2.0,4.42,0.6327,0.6489,0.651,0.6828,-227,-227.0,-227.0,122.0,12,0.5833333333333334,0.5125799530402396,-105,0.25,0.6875,3.4166666666666665,0,,strong,66.42539530402397,38,False,
Jonathan Aranda,TB,CLE,Parker Messick,False,Lineup Wait,,HOLD,HOLD: wait for confirmed lineup before using this as a Sharpie late-hitter target.,2.38,4.45,0.6403,0.6512,0.6568,0.6786,-184,-184.0,-184.0,78.0,10,0.6,0.5137235851348069,-106,0.3333333333333333,0.7333333333333333,3.5,0,,usable,66.03529184681402,39,False,
Matt Olson,ATL,BAL,Shane Baz,True,confirmed,MLB Starting Lineups Page,LOCKED,LOCKED: Matt Olson is confirmed in today's lineup at slot #3.,3.0,4.38,0.6749,0.6796,0.665,0.6892,-207,-207.0,-207.0,317.0,16,0.5,0.47506853117734826,110,0.058823529411764705,0.5294117647058824,3.375,0,,strong,66.00884223560936,40,False,
Tyler Soderstrom,ATH,MIN,Connor Prielipp,True,confirmed,MLB Starting Lineups Page,LOCKED,LOCKED: Tyler Soderstrom is confirmed in today's lineup at slot #4.,4.0,4.28,0.5615,0.6137,0.6263,0.6463,-239,-239.0,-239.0,125.0,13,0.6153846153846154,0.53207675491863,-114,0.23529411764705882,0.7058823529411765,3.0,0,,strong,65.85449902127478,41,False,
Edwin Arroyo,,,,False,Lineup Wait,,HOLD,HOLD: wait for confirmed lineup before using this as a Sharpie late-hitter target.,2.8,4.4,0.6381,0.6381,0.6473,0.6678,-155,-155.0,-155.0,261.0,1,1.0,0.48476299022813474,106,0.0,1.0,3.0,0,,thin,65.2231587289233,42,False,
Marcus Semien,NYM,LAD,Emmet Sheehan,False,Lineup Wait,,HOLD,HOLD: wait for confirmed lineup before using this as a Sharpie late-hitter target.,4.67,4.19,0.5786,0.6153,0.627,0.6487,-143,-143.0,-143.0,39.0,16,0.5625,0.510782816891634,-104,0.1111111111111111,0.6111111111111112,3.0,0,,strong,65.20403028416212,43,False,
Josh Naylor,SEA,TEX,Jacob deGrom,True,confirmed,MLB Starting Lineups Page,LOCKED,LOCKED: Josh Naylor is confirmed in today's lineup at slot #5.,5.0,4.15,0.6045,0.6259,0.6349,0.6578,-199,-199.0,-199.0,85.0,13,0.6153846153846154,0.53207675491863,-114,0.1875,0.6875,3.3076923076923075,0,,strong,65.06633519797283,44,False,
Kevin McGonigle,DET,KC,Luinder Avila,True,confirmed,MLB Starting Lineups Page,LOCKED,LOCKED: Kevin McGonigle is confirmed in today's lineup at slot #2.,2.0,4.42,0.6824,0.6795,0.6745,0.7059,-271,-271.0,-271.0,375.0,11,0.5454545454545454,0.4913877770854675,104,0.3888888888888889,0.7222222222222222,3.3636363636363638,6,0.5,usable,64.79979993076897,45,False,
Yandy Díaz,TB,CLE,Parker Messick,True,confirmed,MLB Starting Lineups Page,LOCKED,LOCKED: Yandy Díaz is confirmed in today's lineup at slot #1.,1.0,4.54,0.6676,0.6694,0.6766,0.7088,-269,-269.0,-269.0,373.0,7,0.5714285714285714,0.4895746775245133,104,0.5,0.7857142857142857,3.142857142857143,2,0.5,usable,64.67581060959418,46,False,
Riley Greene,DET,KC,Luinder Avila,True,confirmed,MLB Starting Lineups Page,LOCKED,LOCKED: Riley Greene is confirmed in today's lineup at slot #4.,4.0,4.2,0.6511,0.6525,0.6492,0.6626,-239,-239.0,-239.0,134.0,14,0.5714285714285714,0.5116122643448366,-105,0.2222222222222222,0.6666666666666666,3.142857142857143,0,,strong,64.54109310115032,47,False,
Brandon Nimmo,TEX,SEA,Logan Gilbert,True,confirmed,MLB Starting Lineups Page,LOCKED,LOCKED: Brandon Nimmo is confirmed in today's lineup at slot #4.,4.0,4.2,0.6806,0.6592,0.6574,0.6701,-193,-193.0,-193.0,296.0,15,0.5333333333333333,0.49266366196169453,103,0.11764705882352941,0.5882352941176471,3.3333333333333335,0,,strong,64.51028472580867,48,False,
Joc Pederson,TEX,SEA,Logan Gilbert,True,confirmed,MLB Starting Lineups Page,LOCKED,LOCKED: Joc Pederson is confirmed in today's lineup at slot #1.,1.0,4.54,0.6467,0.6529,0.6601,0.6927,-151,-151.0,-151.0,270.0,15,0.4666666666666667,0.4556266249246575,119,0.11764705882352941,0.5294117647058824,2.4,12,0.5833333333333334,strong,64.49978102210498,49,False,
Andrew Benintendi,CWS,HOU,Ronel Blanco,True,confirmed,MLB Starting Lineups Page,LOCKED,LOCKED: Andrew Benintendi is confirmed in today's lineup at slot #5.,5.0,4.07,0.5802,0.6047,0.6151,0.6312,-167,-167.0,-167.0,62.0,14,0.5714285714285714,0.5116122643448366,-105,0.06666666666666667,0.6,2.7142857142857144,0,,strong,64.31995280726015,50,False,
Patrick Bailey,CLE,TB,Drew Rasmussen,False,Lineup Wait,,HOLD,HOLD: wait for confirmed lineup before using this as a Sharpie late-hitter target.,1.0,4.62,0.5846,0.6385,0.6545,0.6908,-118,-118.0,-118.0,233.0,8,0.5,0.4650959436482876,115,0.0,0.5,2.125,0,,usable,64.30445407093858,51,False,
Randy Arozarena,SEA,TEX,Jacob deGrom,True,confirmed,MLB Starting Lineups Page,LOCKED,LOCKED: Randy Arozarena is confirmed in today's lineup at slot #4.,4.0,4.28,0.5901,0.6234,0.6379,0.6563,-153,-153.0,-153.0,256.0,15,0.5333333333333333,0.49266366196169453,103,0.11764705882352941,0.5882352941176471,3.2666666666666666,0,,strong,63.82428472580869,52,False,
Rafael Devers,SF,LAA,José Soriano,True,confirmed,MLB Starting Lineups Page,LOCKED,LOCKED: Rafael Devers is confirmed in today's lineup at slot #4.,4.0,4.2,0.5616,0.5942,0.612,0.6234,-192,-192.0,-192.0,87.0,14,0.5714285714285714,0.5116122643448366,-105,0.17647058823529413,0.6470588235294118,3.2857142857142856,0,,strong,63.821262611181716,53,False,
Drake Baldwin,ATL,BAL,Shane Baz,True,confirmed,MLB Starting Lineups Page,LOCKED,LOCKED: Drake Baldwin is confirmed in today's lineup at slot #1.,1.0,4.62,0.7045,0.7063,0.6955,0.7341,-259,-259.0,-259.0,364.0,3,0.6666666666666666,0.48679459153105015,105,0.4,0.8,3.0,3,0.6666666666666666,thin,63.58345915310502,54,False,
Bryson Stott,PHI,NYY,Will Warren,False,Lineup Wait,,HOLD,HOLD: wait for confirmed lineup before using this as a Sharpie late-hitter target.,5.0,4.15,0.5587,0.6073,0.6218,0.6443,-164,-164.0,-164.0,59.0,14,0.5714285714285714,0.5116122643448366,-105,0.125,0.625,2.7857142857142856,0,,strong,63.54528614059349,55,False,
Jazz Chisholm,NYY,PHI,Cristopher Sánchez,False,Lineup Wait,,HOLD,HOLD: wait for confirmed lineup before using this as a Sharpie late-hitter target.,4.65,4.2,0.4857,0.5713,0.5974,0.6172,-126,-126.0,-126.0,9.0,9,0.6666666666666666,0.5381866129983691,-117,0.3076923076923077,0.7692307692307693,3.5555555555555554,0,,usable,63.469368992144595,56,False,
Jake Burger,TEX,SEA,Logan Gilbert,True,confirmed,MLB Starting Lineups Page,LOCKED,LOCKED: Jake Burger is confirmed in today's lineup at slot #5.,5.0,4.07,0.5946,0.6059,0.6158,0.6321,-180,-180.0,-180.0,75.0,14,0.5714285714285714,0.5116122643448366,-105,0.17647058823529413,0.6470588235294118,3.0,0,,strong,62.76726261118172,57,False,
Vinnie Pasquantino,KC,DET,Framber Valdez,False,Lineup Wait,,HOLD,HOLD: wait for confirmed lineup before using this as a Sharpie late-hitter target.,3.75,4.3,0.6304,0.6295,0.6384,0.6578,-192,-192.0,-192.0,295.0,13,0.5384615384615384,0.49207675491863007,103,0.1875,0.625,3.3846153846153846,0,,strong,62.50213519797282,58,False,
Casey Schmitt,SF,LAA,José Soriano,True,confirmed,MLB Starting Lineups Page,LOCKED,LOCKED: Casey Schmitt is confirmed in today's lineup at slot #5.,5.0,4.07,0.6336,0.6264,0.6281,0.6456,-240,-240.0,-240.0,135.0,12,0.5833333333333334,0.5125799530402396,-105,0.29411764705882354,0.7058823529411765,3.1666666666666665,2,0.5,strong,62.47001883343573,59,False,
Vladimir Guerrero Jr.,TOR,BOS,Ranger Suarez,True,confirmed,MLB Starting Lineups Page,LOCKED,LOCKED: Vladimir Guerrero Jr. is confirmed in today's lineup at slot #2.,2.0,4.5,0.6652,0.6793,0.6825,0.7213,-258,-258.0,-258.0,370.0,12,0.5,0.470913286373573,112,0.2,0.6,3.25,0,,strong,62.25338834346712,60,False,
Julio Rodríguez,SEA,TEX,Jacob deGrom,True,confirmed,MLB Starting Lineups Page,LOCKED,LOCKED: Julio Rodríguez is confirmed in today's lineup at slot #2.,2.0,4.5,0.629,0.6537,0.66,0.7002,-197,-197.0,-197.0,309.0,12,0.5,0.470913286373573,112,0.29411764705882354,0.6470588235294118,3.4166666666666665,0,,strong,62.20991687265142,61,False,
Austin Martin,MIN,ATH,Jeffrey Springs,True,confirmed,MLB Starting Lineups Page,LOCKED,LOCKED: Austin Martin is confirmed in today's lineup at slot #1.,1.0,4.54,0.6713,0.659,0.6715,0.7027,-219,-219.0,-219.0,358.0,15,0.4,0.41858958788762046,139,0.0625,0.4375,3.2,7,0.42857142857142855,strong,62.19421849487187,62,False,
Sam Antonacci,CWS,HOU,Ronel Blanco,True,confirmed,MLB Starting Lineups Page,LOCKED,LOCKED: Sam Antonacci is confirmed in today's lineup at slot #1.,1.0,4.54,0.6861,0.6859,0.6891,0.7217,-261,-261.0,-261.0,382.0,13,0.46153846153846156,0.4520767549186301,121,0.2777777777777778,0.6111111111111112,3.076923076923077,11,0.5454545454545454,strong,62.10198660297412,63,False,
Christian Walker,HOU,CWS,Erick Fedde,False,Lineup Wait,,HOLD,HOLD: wait for confirmed lineup before using this as a Sharpie late-hitter target.,3.53,4.33,0.6089,0.6412,0.645,0.665,-200,-200.0,-200.0,319.0,15,0.4666666666666667,0.4556266249246575,119,0.0625,0.5,3.2666666666666666,0,,strong,62.07512219857557,64,False,
Jonny DeLuca,TB,CLE,Parker Messick,True,confirmed,MLB Starting Lineups Page,LOCKED,LOCKED: Jonny DeLuca is confirmed in today's lineup at slot #4.,4.0,4.2,0.5973,0.6179,0.6326,0.6434,-148,-148.0,-148.0,252.0,7,0.5714285714285714,0.4895746775245133,104,0.0,0.5714285714285714,2.7142857142857144,0,,usable,61.95472745856116,65,False,
TJ Rumfield,COL,MIL,Jacob Misiorowski,True,confirmed,MLB Starting Lineups Page,LOCKED,LOCKED: TJ Rumfield is confirmed in today's lineup at slot #4.,4.0,4.28,0.6088,0.6267,0.6379,0.6577,-127,-127.0,-127.0,230.0,13,0.5384615384615384,0.49207675491863007,103,0.1875,0.625,2.6923076923076925,0,,strong,61.94293519797284,66,False,
Nathaniel Lowe,CIN,STL,Kyle Leahy,True,confirmed,MLB Starting Lineups Page,LOCKED,LOCKED: Nathaniel Lowe is confirmed in today's lineup at slot #5.,5.0,4.15,0.6346,0.6481,0.6451,0.6698,-191,-191.0,-191.0,85.0,8,0.625,0.5150959436482876,-106,0.3333333333333333,0.75,2.75,0,,usable,61.77479436482875,67,False,
Vaughn Grissom,LAA,SF,Carson Whisenhunt,True,confirmed,MLB Starting Lineups Page,LOCKED,LOCKED: Vaughn Grissom is confirmed in today's lineup at slot #3.,3.0,4.38,0.6337,0.6536,0.6589,0.6789,-233,-233.0,-233.0,345.0,12,0.5,0.470913286373573,112,0.14285714285714285,0.5714285714285714,3.25,1,0.0,strong,61.61824548632426,68,False,
Taylor Ward,BAL,ATL,Reynaldo López,True,confirmed,MLB Starting Lineups Page,LOCKED,LOCKED: Taylor Ward is confirmed in today's lineup at slot #4.,4.0,4.2,0.6196,0.6333,0.6411,0.6516,-171,-171.0,-171.0,275.0,11,0.5454545454545454,0.4913877770854675,104,0.3125,0.6875,3.8181818181818183,10,0.5,usable,60.998977708546754,69,False,
Jorge Soler,LAA,SF,Carson Whisenhunt,True,confirmed,MLB Starting Lineups Page,LOCKED,LOCKED: Jorge Soler is confirmed in today's lineup at slot #4.,4.0,4.28,0.5701,0.6127,0.6235,0.6436,-188,-188.0,-188.0,292.0,11,0.5454545454545454,0.4913877770854675,104,0.3125,0.6875,2.909090909090909,0,,usable,60.80497770854675,70,False,
Wilyer Abreu,BOS,TOR,Kevin Gausman,True,confirmed,MLB Starting Lineups Page,LOCKED,LOCKED: Wilyer Abreu is confirmed in today's lineup at slot #3.,3.0,4.3,0.6641,0.6601,0.658,0.669,-214,-214.0,-214.0,326.0,12,0.5,0.470913286373573,112,0.25,0.625,3.4166666666666665,0,,strong,60.6105286373573,71,False,
Masyn Winn,STL,CIN,Andrew Abbott,True,confirmed,MLB Starting Lineups Page,LOCKED,LOCKED: Masyn Winn is confirmed in today's lineup at slot #5.,5.0,4.07,0.5873,0.6178,0.6297,0.6442,-238,-238.0,-238.0,349.0,14,0.5,0.47315072588329815,111,0.06666666666666667,0.5333333333333333,3.142857142857143,1,0.0,strong,60.5589989611063,72,False,
Bo Bichette,NYM,LAD,Emmet Sheehan,True,confirmed,MLB Starting Lineups Page,LOCKED,LOCKED: Bo Bichette is confirmed in today's lineup at slot #3.,3.0,4.3,0.6308,0.6484,0.6566,0.6654,-241,-241.0,-241.0,369.0,16,0.4375,0.43935424546306256,128,0.1111111111111111,0.5,3.3125,0,,strong,60.46246203019386,73,False,
Nico Hoerner,CHC,PIT,Braxton Ashcraft,True,confirmed,MLB Starting Lineups Page,LOCKED,LOCKED: Nico Hoerner is confirmed in today's lineup at slot #5.,5.0,4.15,0.612,0.6249,0.639,0.6603,-242,-242.0,-242.0,345.0,13,0.5384615384615384,0.49207675491863007,103,0.23529411764705882,0.6470588235294118,3.5384615384615383,6,0.5,strong,60.42226372715712,74,False,
Ty France,SD,MIA,Janson Junk,True,confirmed,MLB Starting Lineups Page,LOCKED,LOCKED: Ty France is confirmed in today's lineup at slot #4.,4.0,4.28,0.6193,0.6483,0.6501,0.6713,-251,-251.0,-251.0,355.0,9,0.5555555555555556,0.4905675653793215,104,0.18181818181818182,0.6363636363636364,2.3333333333333335,0,,usable,60.3452889713147,75,False,
Ezequiel Duran,TEX,SEA,Logan Gilbert,True,confirmed,MLB Starting Lineups Page,LOCKED,LOCKED: Ezequiel Duran is confirmed in today's lineup at slot #3.,3.0,4.3,0.6359,0.6378,0.6467,0.6557,-156,-156.0,-156.0,270.0,10,0.5,0.46826903968026146,114,0.4117647058823529,0.7058823529411765,3.0,0,,usable,59.91652749743791,76,False,
Seiya Suzuki,CHC,PIT,Braxton Ashcraft,True,confirmed,MLB Starting Lineups Page,LOCKED,LOCKED: Seiya Suzuki is confirmed in today's lineup at slot #2.,2.0,4.5,0.6283,0.647,0.6559,0.6959,-210,-210.0,-210.0,349.0,15,0.4,0.41858958788762046,139,0.11764705882352941,0.47058823529411764,2.933333333333333,0,,strong,59.575277318401284,77,False,
Masataka Yoshida,BOS,TOR,Kevin Gausman,True,confirmed,MLB Starting Lineups Page,LOCKED,LOCKED: Masataka Yoshida is confirmed in today's lineup at slot #1.,1.0,4.54,0.6075,0.636,0.6527,0.6838,-246,-246.0,-246.0,379.0,12,0.4166666666666667,0.4292466197069063,133,0.14285714285714285,0.5,2.0,0,,strong,59.5371788196576,78,False,
Kody Clemens,MIN,ATH,Jeffrey Springs,True,confirmed,MLB Starting Lineups Page,LOCKED,LOCKED: Kody Clemens is confirmed in today's lineup at slot #5.,5.0,4.07,0.5999,0.601,0.6106,0.6268,-227,-227.0,-227.0,331.0,11,0.5454545454545454,0.4913877770854675,104,0.35294117647058826,0.7058823529411765,3.090909090909091,0,,usable,59.496401237958516,79,False,
Jac Caglianone,KC,DET,Framber Valdez,True,confirmed,MLB Starting Lineups Page,LOCKED,LOCKED: Jac Caglianone is confirmed in today's lineup at slot #4.,4.0,4.28,0.6453,0.6366,0.6412,0.6618,-208,-208.0,-208.0,320.0,12,0.5,0.470913286373573,112,0.25,0.625,2.6666666666666665,0,,strong,59.4849286373573,80,False,
Carson Benge,NYM,LAD,Emmet Sheehan,True,confirmed,MLB Starting Lineups Page,LOCKED,LOCKED: Carson Benge is confirmed in today's lineup at slot #4.,4.0,4.2,0.5944,0.624,0.6341,0.6456,-196,-196.0,-196.0,307.0,14,0.5,0.47315072588329815,111,0.2222222222222222,0.6111111111111112,3.5,14,0.5,strong,59.45898369944093,81,False,
Jonah Heim,ATH,MIN,Connor Prielipp,True,confirmed,MLB Starting Lineups Page,LOCKED,LOCKED: Jonah Heim is confirmed in today's lineup at slot #3.,3.0,4.38,0.5397,0.6,0.617,0.6363,-217,-217.0,-217.0,322.0,5,0.6,0.4883481689979854,105,0.16666666666666666,0.6666666666666666,3.0,0,,usable,59.274209939241686,82,False,
Josh Bell,MIN,ATH,Jeffrey Springs,False,Lineup Wait,,HOLD,HOLD: wait for confirmed lineup before using this as a Sharpie late-hitter target.,4.0,4.28,0.6048,0.6127,0.6263,0.646,-263,-263.0,-263.0,375.0,12,0.5,0.470913286373573,112,0.29411764705882354,0.6470588235294118,3.0,0,,strong,59.21951687265141,83,False,
Heliot Ramos,SF,LAA,José Soriano,True,confirmed,MLB Starting Lineups Page,LOCKED,LOCKED: Heliot Ramos is confirmed in today's lineup at slot #2.,2.0,4.42,0.6585,0.655,0.6602,0.6913,-232,-232.0,-232.0,354.0,2,0.5,0.4501370623546966,122,0.0,0.5,2.5,0,,thin,59.19536594157948,84,False,
Garrett Mitchell,MIL,COL,Kyle Freeland,False,Lineup Wait,,HOLD,HOLD: wait for confirmed lineup before using this as a Sharpie late-hitter target.,4.44,4.22,0.5916,0.6153,0.6247,0.6454,-175,-175.0,-175.0,279.0,7,0.5714285714285714,0.4895746775245133,104,0.4166666666666667,0.75,2.4285714285714284,0,,usable,59.05466775245132,85,False,
Jake McCarthy,COL,MIL,Jacob Misiorowski,True,confirmed,MLB Starting Lineups Page,LOCKED,LOCKED: Jake McCarthy is confirmed in today's lineup at slot #1.,1.0,4.62,0.6247,0.6508,0.6671,0.7035,-129,-129.0,-129.0,262.0,12,0.4166666666666667,0.4292466197069063,133,0.29411764705882354,0.5882352941176471,3.25,7,0.42857142857142855,strong,58.92106197069063,86,False,
Isaac Paredes,HOU,CWS,Erick Fedde,True,confirmed,MLB Starting Lineups Page,LOCKED,LOCKED: Isaac Paredes is confirmed in today's lineup at slot #3.,3.0,4.38,0.5768,0.6264,0.642,0.6605,-190,-190.0,-190.0,311.0,13,0.46153846153846156,0.4520767549186301,121,0.1875,0.5625,2.923076923076923,0,,strong,58.608935197972826,87,False,
Chandler Simpson,TB,CLE,Parker Messick,True,confirmed,MLB Starting Lineups Page,LOCKED,LOCKED: Chandler Simpson is confirmed in today's lineup at slot #5.,5.0,4.07,0.5585,0.5913,0.6152,0.6282,-218,-218.0,-218.0,322.0,11,0.5454545454545454,0.4913877770854675,104,0.26666666666666666,0.6666666666666666,3.272727272727273,6,0.6666666666666666,usable,58.60744437521341,88,False,
JJ Bleday,CIN,STL,Kyle Leahy,True,confirmed,MLB Starting Lineups Page,LOCKED,LOCKED: JJ Bleday is confirmed in today's lineup at slot #3.,3.0,4.38,0.6852,0.6944,0.6871,0.7085,-218,-218.0,-218.0,341.0,11,0.45454545454545453,0.44790951621590225,123,0.3125,0.625,3.4545454545454546,1,0.0,usable,58.513351621590225,89,False,
Liam Hicks,MIA,SD,Walker Buehler,True,confirmed,MLB Starting Lineups Page,LOCKED,LOCKED: Liam Hicks is confirmed in today's lineup at slot #5.,5.0,4.07,0.6697,0.6417,0.6426,0.6591,-216,-216.0,-216.0,344.0,16,0.4375,0.43935424546306256,128,0.1111111111111111,0.5,3.4375,2,0.5,strong,58.17926203019386,90,False,
Hunter Goodman,COL,MIL,Jacob Misiorowski,True,confirmed,MLB Starting Lineups Page,LOCKED,LOCKED: Hunter Goodman is confirmed in today's lineup at slot #3.,3.0,4.38,0.5582,0.6052,0.622,0.6423,-131,-131.0,-131.0,252.0,13,0.46153846153846156,0.4520767549186301,121,0.23529411764705882,0.5882352941176471,3.1538461538461537,0,,strong,58.056075491863005,91,False,
Trent Grisham,NYY,PHI,Cristopher Sánchez,False,Lineup Wait,,HOLD,HOLD: wait for confirmed lineup before using this as a Sharpie late-hitter target.,1.87,4.52,0.5867,0.6365,0.6455,0.6859,-149,-149.0,-149.0,275.0,9,0.4444444444444444,0.4429485177602739,126,0.35714285714285715,0.6428571428571429,3.5555555555555554,7,0.42857142857142855,usable,57.717823204598815,92,False,
George Springer,TOR,BOS,Ranger Suarez,True,confirmed,MLB Starting Lineups Page,LOCKED,LOCKED: George Springer is confirmed in today's lineup at slot #4.,4.0,4.28,0.5462,0.6037,0.6187,0.638,-185,-185.0,-185.0,299.0,10,0.5,0.46826903968026146,114,0.3333333333333333,0.6666666666666666,3.5,9,0.5555555555555556,usable,57.54797063469281,93,False,
Nolan Schanuel,LAA,SF,Carson Whisenhunt,True,confirmed,MLB Starting Lineups Page,LOCKED,LOCKED: Nolan Schanuel is confirmed in today's lineup at slot #5.,5.0,4.15,0.5971,0.6215,0.6346,0.6565,-194,-194.0,-194.0,298.0,7,0.5714285714285714,0.4895746775245133,104,0.2222222222222222,0.6666666666666666,3.0,0,,usable,57.48933441911799,94,False,
Ozzie Albies,ATL,BAL,Shane Baz,True,confirmed,MLB Starting Lineups Page,LOCKED,LOCKED: Ozzie Albies is confirmed in today's lineup at slot #2.,2.0,4.5,0.6186,0.651,0.6602,0.6992,-221,-221.0,-221.0,354.0,12,0.4166666666666667,0.4292466197069063,133,0.29411764705882354,0.5882352941176471,3.4166666666666665,0,,strong,57.44786197069063,95,False,
Javier Sanoja,MIA,SD,Walker Buehler,False,Lineup Wait,,HOLD,HOLD: wait for confirmed lineup before using this as a Sharpie late-hitter target.,4.8,4.18,0.6096,0.612,0.6263,0.6473,-213,-213.0,-213.0,336.0,11,0.45454545454545453,0.44790951621590225,123,0.08333333333333333,0.5,2.4545454545454546,0,,usable,57.32914466103338,96,False,
Colson Montgomery,CWS,HOU,Ronel Blanco,False,Lineup Wait,,HOLD,HOLD: wait for confirmed lineup before using this as a Sharpie late-hitter target.,4.07,4.27,0.5922,0.6196,0.6255,0.6469,-170,-170.0,-170.0,291.0,13,0.46153846153846156,0.4520767549186301,121,0.23529411764705882,0.5882352941176471,3.230769230769231,0,,strong,57.05807549186301,97,False,
Royce Lewis,MIN,ATH,Jeffrey Springs,True,confirmed,MLB Starting Lineups Page,LOCKED,LOCKED: Royce Lewis is confirmed in today's lineup at slot #4.,4.0,4.2,0.5766,0.5926,0.6106,0.6212,-238,-238.0,-238.0,357.0,4,0.5,0.4563699295603595,119,0.0,0.5,2.75,0,,thin,57.035852662145764,98,False,
Sal Stewart,CIN,STL,Kyle Leahy,False,Lineup Wait,,HOLD,HOLD: wait for confirmed lineup before using this as a Sharpie late-hitter target.,2.86,4.4,0.6807,0.6834,0.6726,0.6957,-258,-258.0,-258.0,391.0,12,0.4166666666666667,0.4292466197069063,133,0.25,0.5625,3.3333333333333335,0,,strong,57.005061970690626,99,False,
Brice Turang,MIL,COL,Kyle Freeland,True,confirmed,MLB Starting Lineups Page,LOCKED,LOCKED: Brice Turang is confirmed in today's lineup at slot #2.,2.0,4.42,0.707,0.6876,0.6786,0.7105,-259,-259.0,-259.0,402.0,13,0.38461538461538464,0.41207675491863005,143,0.23529411764705882,0.5294117647058824,3.3846153846153846,0,,strong,56.841675491863015,100,False,
Ryan Waldschmidt,AZ,WSH,Miles Mikolas,False,Lineup Wait,,HOLD,HOLD: wait for confirmed lineup before using this as a Sharpie late-hitter target.,4.5,4.21,0.6457,0.6306,0.6367,0.6588,-181,-181.0,-181.0,304.0,11,0.45454545454545453,0.44790951621590225,123,0.3125,0.625,3.0,0,,usable,55.98935162159023,101,False,
Max Schuemann,NYY,PHI,Cristopher Sánchez,False,Lineup Wait,,HOLD,HOLD: wait for confirmed lineup before using this as a Sharpie late-hitter target.,5.0,4.15,0.5184,0.5935,0.5986,0.6213,-115,-115.0,-115.0,234.0,4,0.5,0.4563699295603595,119,0.0,0.5,1.75,0,,thin,55.28745266214576,102,False,
Ryan Jeffers,MIN,ATH,Jeffrey Springs,True,confirmed,MLB Starting Lineups Page,LOCKED,LOCKED: Ryan Jeffers is confirmed in today's lineup at slot #3.,3.0,4.3,0.6548,0.6403,0.6427,0.6534,-246,-246.0,-246.0,365.0,4,0.5,0.4563699295603595,119,0.2,0.6,2.75,0,,thin,55.27425266214576,103,False,
Mike Trout,LAA,SF,Carson Whisenhunt,True,confirmed,MLB Starting Lineups Page,LOCKED,LOCKED: Mike Trout is confirmed in today's lineup at slot #2.,2.0,4.5,0.674,0.6796,0.6677,0.7104,-252,-252.0,-252.0,399.0,11,0.36363636363636365,0.40443125534633706,147,0.35294117647058826,0.5882352941176471,3.4545454545454546,0,,usable,55.181125534633715,104,False,
Gunnar Henderson,BAL,ATL,Reynaldo López,True,confirmed,MLB Starting Lineups Page,LOCKED,LOCKED: Gunnar Henderson is confirmed in today's lineup at slot #3.,3.0,4.3,0.5766,0.6127,0.6272,0.6364,-199,-199.0,-199.0,332.0,12,0.4166666666666667,0.4292466197069063,133,0.25,0.5625,3.5,2,0.5,strong,55.14386197069063,105,False,
Xander Bogaerts,SD,MIA,Janson Junk,False,Lineup Wait,,HOLD,HOLD: wait for confirmed lineup before using this as a Sharpie late-hitter target.,4.03,4.28,0.619,0.644,0.6497,0.6694,-165,-165.0,-165.0,298.0,12,0.4166666666666667,0.4292466197069063,133,0.2,0.5333333333333333,2.9166666666666665,1,0.0,strong,54.808321676800446,106,False,
A.J. Ewing,NYM,LAD,Emmet Sheehan,True,confirmed,MLB Starting Lineups Page,LOCKED,LOCKED: A.J. Ewing is confirmed in today's lineup at slot #1.,1.0,4.54,0.6351,0.6558,0.6599,0.6932,-216,-216.0,-216.0,374.0,12,0.3333333333333333,0.3875799530402397,158,0.3333333333333333,0.5555555555555556,2.75,0,,strong,54.47919530402397,107,False,
Bryce Eldridge,SF,LAA,José Soriano,True,confirmed,MLB Starting Lineups Page,LOCKED,LOCKED: Bryce Eldridge is confirmed in today's lineup at slot #3.,3.0,4.3,0.5889,0.6131,0.622,0.6315,-187,-187.0,-187.0,316.0,7,0.42857142857142855,0.4369430985771448,129,0.4166666666666667,0.6666666666666666,2.7142857142857144,0,,usable,54.47777652438114,108,False,
Jackson Merrill,SD,MIA,Janson Junk,True,confirmed,MLB Starting Lineups Page,LOCKED,LOCKED: Jackson Merrill is confirmed in today's lineup at slot #5.,5.0,4.15,0.5803,0.6178,0.6255,0.6492,-216,-216.0,-216.0,359.0,13,0.38461538461538464,0.41207675491863005,143,0.07142857142857142,0.42857142857142855,2.8461538461538463,2,0.0,strong,54.2223637694014,109,False,
Jose Caballero,NYY,PHI,Cristopher Sánchez,False,Lineup Wait,,HOLD,HOLD: wait for confirmed lineup before using this as a Sharpie late-hitter target.,4.25,4.25,0.5312,0.5973,0.6188,0.6376,-143,-143.0,-143.0,260.0,6,0.5,0.461217715164764,117,0.25,0.625,2.0,0,,usable,54.0961715164764,110,False,
Donovan Walton,,,,False,Lineup Wait,,HOLD,HOLD: wait for confirmed lineup before using this as a Sharpie late-hitter target.,5.0,4.15,0.6157,0.6157,0.6251,0.6483,-185,-185.0,-185.0,304.0,4,0.5,0.4563699295603595,119,0.5,0.75,3.5,0,,thin,53.87539295603594,111,False,
Heriberto Hernández,MIA,SD,Walker Buehler,True,confirmed,MLB Starting Lineups Page,LOCKED,LOCKED: Heriberto Hernández is confirmed in today's lineup at slot #3.,3.0,4.3,0.6434,0.6372,0.6445,0.6538,-208,-208.0,-208.0,341.0,5,0.4,0.42952463958622067,133,0.5,0.7,2.0,0,,usable,53.823263958622064,112,False,
Starling Marte,KC,DET,Framber Valdez,True,confirmed,MLB Starting Lineups Page,LOCKED,LOCKED: Starling Marte is confirmed in today's lineup at slot #5.,5.0,4.15,0.6231,0.6192,0.6295,0.6524,-203,-203.0,-203.0,356.0,9,0.3333333333333333,0.39532947014122627,153,0.0,0.3333333333333333,1.3333333333333333,2,0.0,usable,52.68980672023244,113,False,
Dalton Rushing,LAD,NYM,Freddy Peralta,False,Lineup Wait,,HOLD,HOLD: wait for confirmed lineup before using this as a Sharpie late-hitter target.,5.0,4.15,0.602,0.6268,0.6314,0.6556,-136,-136.0,-136.0,289.0,9,0.3333333333333333,0.39532947014122627,153,0.0,0.3333333333333333,2.111111111111111,0,,usable,52.43660672023245,114,False,
Bryce Harper,PHI,NYY,Will Warren,False,Lineup Wait,,HOLD,HOLD: wait for confirmed lineup before using this as a Sharpie late-hitter target.,2.93,4.39,0.6525,0.6685,0.6632,0.6857,-220,-220.0,-220.0,378.0,12,0.3333333333333333,0.3875799530402397,158,0.25,0.5,3.0,0,,strong,52.39399530402396,115,False,
Caleb Durbin,BOS,TOR,Kevin Gausman,True,confirmed,MLB Starting Lineups Page,LOCKED,LOCKED: Caleb Durbin is confirmed in today's lineup at slot #5.,5.0,4.07,0.532,0.5809,0.6036,0.617,-252,-252.0,-252.0,378.0,9,0.4444444444444444,0.4429485177602739,126,0.18181818181818182,0.5454545454545454,2.111111111111111,0,,usable,52.322147845773564,116,False,
Tyler Stephenson,CIN,STL,Kyle Leahy,False,Lineup Wait,,HOLD,HOLD: wait for confirmed lineup before using this as a Sharpie late-hitter target.,5.0,4.15,0.5985,0.6259,0.6269,0.6514,-182,-182.0,-182.0,319.0,10,0.4,0.422814494225716,137,0.16666666666666666,0.5,2.7,0,,usable,52.259775795348084,117,False,
Dominic Canzone,SEA,TEX,Jacob deGrom,True,confirmed,MLB Starting Lineups Page,LOCKED,LOCKED: Dominic Canzone is confirmed in today's lineup at slot #3.,3.0,4.38,0.623,0.647,0.6527,0.6734,-156,-156.0,-156.0,314.0,12,0.3333333333333333,0.3875799530402397,158,0.2,0.4666666666666667,1.75,0,,strong,52.01365501013378,118,False,
Henry Davis,PIT,CHC,Jameson Taillon,False,Lineup Wait,,HOLD,HOLD: wait for confirmed lineup before using this as a Sharpie late-hitter target.,5.0,4.15,0.5621,0.5866,0.6061,0.6277,-120,-120.0,-120.0,273.0,9,0.3333333333333333,0.39532947014122627,153,0.0,0.3333333333333333,2.4444444444444446,0,,usable,51.95780672023244,119,False,
Brady House,WSH,AZ,Kohl Drake,True,confirmed,MLB Starting Lineups Page,LOCKED,LOCKED: Brady House is confirmed in today's lineup at slot #5.,5.0,4.07,0.5957,0.6106,0.6188,0.6352,-199,-199.0,-199.0,318.0,4,0.5,0.4563699295603595,119,0.2,0.6,3.25,0,,thin,51.81505266214577,120,False,
Chase DeLauter,CLE,TB,Drew Rasmussen,True,confirmed,MLB Starting Lineups Page,LOCKED,LOCKED: Chase DeLauter is confirmed in today's lineup at slot #3.,3.0,4.38,0.6483,0.6647,0.6679,0.6876,-208,-208.0,-208.0,377.0,13,0.3076923076923077,0.37207675491863007,169,0.1875,0.4375,3.076923076923077,0,,strong,51.46693519797283,121,False,
Daulton Varsho,TOR,BOS,Ranger Suarez,True,confirmed,MLB Starting Lineups Page,LOCKED,LOCKED: Daulton Varsho is confirmed in today's lineup at slot #5.,5.0,4.15,0.5724,0.6137,0.627,0.6493,-173,-173.0,-173.0,310.0,10,0.4,0.422814494225716,137,0.375,0.625,3.0,0,,usable,51.450249422571595,122,False,
Manny Machado,SD,MIA,Janson Junk,True,confirmed,MLB Starting Lineups Page,LOCKED,LOCKED: Manny Machado is confirmed in today's lineup at slot #3.,3.0,4.38,0.577,0.626,0.6388,0.6581,-217,-217.0,-217.0,386.0,13,0.3076923076923077,0.37207675491863007,169,0.1875,0.4375,3.076923076923077,0,,strong,50.61133519797283,123,False,
Freddie Freeman,LAD,NYM,Freddy Peralta,True,confirmed,MLB Starting Lineups Page,LOCKED,LOCKED: Freddie Freeman is confirmed in today's lineup at slot #3.,3.0,4.38,0.6697,0.6711,0.6675,0.6891,-249,-249.0,-249.0,414.0,10,0.3,0.3773599487711705,165,0.375,0.5625,3.5,0,,usable,50.57239487711705,124,False,
Ryan Vilade,TB,CLE,Parker Messick,True,confirmed,MLB Starting Lineups Page,LOCKED,LOCKED: Ryan Vilade is confirmed in today's lineup at slot #2.,2.0,4.42,0.6028,0.6283,0.6422,0.6723,-153,-153.0,-153.0,313.0,7,0.2857142857142857,0.3843115196297764,160,0.2222222222222222,0.4444444444444444,2.5714285714285716,0,,usable,50.11475196297764,125,False,
Zach McKinstry,DET,KC,Luinder Avila,False,Lineup Wait,,HOLD,HOLD: wait for confirmed lineup before using this as a Sharpie late-hitter target.,3.0,4.38,0.5838,0.6156,0.6294,0.6485,-170,-170.0,-170.0,371.0,16,0.25,0.3322113883202054,201,0.1111111111111111,0.3333333333333333,2.3125,1,0.0,strong,49.584176315908145,126,False,
Brayan Rocchio,CLE,TB,Drew Rasmussen,True,confirmed,MLB Starting Lineups Page,LOCKED,LOCKED: Brayan Rocchio is confirmed in today's lineup at slot #4.,4.0,4.28,0.5759,0.6221,0.638,0.6561,-164,-164.0,-164.0,317.0,9,0.3333333333333333,0.39532947014122627,153,0.4,0.6,2.5555555555555554,0,,usable,49.493747014122626,127,False,
Colt Keith,DET,KC,Luinder Avila,True,confirmed,MLB Starting Lineups Page,LOCKED,LOCKED: Colt Keith is confirmed in today's lineup at slot #1.,1.0,4.54,0.6602,0.6703,0.6756,0.7084,-228,-228.0,-228.0,453.0,15,0.2,0.3074784767765093,225,0.16666666666666666,0.3333333333333333,1.8666666666666667,4,0.25,strong,48.86657405042742,128,False,
Steven Kwan,CLE,TB,Drew Rasmussen,True,confirmed,MLB Starting Lineups Page,LOCKED,LOCKED: Steven Kwan is confirmed in today's lineup at slot #1.,1.0,4.62,0.5666,0.6308,0.6544,0.6888,-202,-202.0,-202.0,390.0,9,0.2222222222222222,0.34771042252217865,188,0.3076923076923077,0.46153846153846156,2.888888888888889,1,0.0,usable,48.720242252217865,129,False,
Eugenio Suárez,CIN,STL,Kyle Leahy,True,confirmed,MLB Starting Lineups Page,LOCKED,LOCKED: Eugenio Suárez is confirmed in today's lineup at slot #4.,4.0,4.28,0.5832,0.6207,0.6297,0.6494,-170,-170.0,-170.0,330.0,7,0.2857142857142857,0.3843115196297764,160,0.2222222222222222,0.4444444444444444,2.5714285714285716,0,,usable,47.57955196297763,130,False,
Jose Altuve,HOU,CWS,Erick Fedde,True,confirmed,MLB Starting Lineups Page,LOCKED,LOCKED: Jose Altuve is confirmed in today's lineup at slot #4.,4.0,4.28,0.5935,0.6308,0.6423,0.6611,-226,-226.0,-226.0,371.0,1,0.0,0.4078399133050578,145,0.5,0.5,3.0,0,,thin,47.35599133050578,131,False,
Victor Caratini,MIN,ATH,Jeffrey Springs,False,Lineup Wait,,HOLD,HOLD: wait for confirmed lineup before using this as a Sharpie late-hitter target.,4.8,4.18,0.6124,0.6124,0.6265,0.6477,-208,-208.0,-208.0,385.0,11,0.2727272727272727,0.3609529944767718,177,0.15384615384615385,0.38461538461538464,2.5454545454545454,0,,usable,47.256836076863934,132,False,
Amed Rosario,NYY,PHI,Cristopher Sánchez,False,Lineup Wait,,HOLD,HOLD: wait for confirmed lineup before using this as a Sharpie late-hitter target.,3.21,4.36,0.5912,0.6341,0.6411,0.6617,-180,-180.0,-180.0,350.0,5,0.2,0.370701110174456,170,0.16666666666666666,0.3333333333333333,1.4,0,,usable,47.19283739022209,133,False,
Andrés Chaparro,WSH,AZ,Kohl Drake,True,confirmed,MLB Starting Lineups Page,LOCKED,LOCKED: Andrés Chaparro is confirmed in today's lineup at slot #2.,2.0,4.42,0.6623,0.6501,0.666,0.6968,-161,-161.0,-161.0,362.0,7,0.14285714285714285,0.33167994068240797,201,0.125,0.25,1.2857142857142858,0,,usable,47.14525377435062,134,False,
Esmerlyn Valdez,PIT,CHC,Jameson Taillon,True,confirmed,MLB Starting Lineups Page,LOCKED,LOCKED: Esmerlyn Valdez is confirmed in today's lineup at slot #4.,4.0,4.2,0.6064,0.6146,0.6262,0.6378,-201,,-201.0,355.0,4,0.25,0.3938699295603595,154,0.2,0.4,2.25,0,,thin,47.14345266214577,135,False,
Mauricio Dubón,ATL,BAL,Shane Baz,True,confirmed,MLB Starting Lineups Page,LOCKED,LOCKED: Mauricio Dubón is confirmed in today's lineup at slot #5.,5.0,4.15,0.6043,0.6291,0.6367,0.6596,-195,-195.0,-195.0,360.0,10,0.3,0.3773599487711705,165,0.3333333333333333,0.5333333333333333,3.1,1,0.0,usable,47.037594877117044,136,False,
Mickey Moniak,COL,MIL,Jacob Misiorowski,True,confirmed,MLB Starting Lineups Page,LOCKED,LOCKED: Mickey Moniak is confirmed in today's lineup at slot #2.,2.0,4.5,0.6142,0.6385,0.646,0.6875,-113,-113.0,-113.0,314.0,7,0.14285714285714285,0.33167994068240797,201,0.125,0.25,2.2857142857142856,0,,usable,46.96805377435062,137,False,
Kyle Karros,COL,MIL,Jacob Misiorowski,True,confirmed,MLB Starting Lineups Page,LOCKED,LOCKED: Kyle Karros is confirmed in today's lineup at slot #5.,5.0,4.15,0.5635,0.5973,0.6171,0.6382,-130,-130.0,-130.0,295.0,10,0.3,0.3773599487711705,165,0.375,0.5625,2.2,0,,usable,46.54799487711705,138,False,
Max Muncy (LAD),ATH,NYM,Freddy Peralta,True,confirmed,MLB Starting Lineups Page,LOCKED,LOCKED: Max Muncy (LAD) is confirmed in today's lineup at slot #4.,4.0,4.28,0.6839,0.6688,0.6591,0.682,-179,,-179.0,367.0,9,0.2222222222222222,0.34771042252217865,188,0.3076923076923077,0.46153846153846156,2.7777777777777777,0,,usable,46.027842252217866,139,False,
Lane Thomas,KC,DET,Framber Valdez,True,confirmed,MLB Starting Lineups Page,LOCKED,LOCKED: Lane Thomas is confirmed in today's lineup at slot #1.,1.0,4.62,0.6326,0.6411,0.6549,0.6904,-243,-243.0,-243.0,460.0,8,0.125,0.3150959436482876,217,0.3333333333333333,0.4166666666666667,1.625,1,0.0,usable,45.80079436482876,140,False,
Jakob Marsee,MIA,SD,Walker Buehler,False,Lineup Wait,,HOLD,HOLD: wait for confirmed lineup before using this as a Sharpie late-hitter target.,3.6,4.32,0.5801,0.6036,0.6228,0.6398,-158,-158.0,-158.0,359.0,13,0.23076923076923078,0.3320767549186301,201,0.23529411764705882,0.4117647058823529,2.8461538461538463,0,,strong,45.53887549186301,141,False,
Dillon Dingler,DET,KC,Luinder Avila,True,confirmed,MLB Starting Lineups Page,LOCKED,LOCKED: Dillon Dingler is confirmed in today's lineup at slot #5.,5.0,4.07,0.666,0.6534,0.6452,0.6639,-246,-246.0,-246.0,435.0,12,0.25,0.345913286373573,189,0.29411764705882354,0.47058823529411764,3.3333333333333335,0,,strong,45.1333286373573,142,False,
Nick Loftin,KC,DET,Framber Valdez,True,confirmed,MLB Starting Lineups Page,LOCKED,LOCKED: Nick Loftin is confirmed in today's lineup at slot #2.,2.0,4.5,0.6601,0.6547,0.6641,0.7029,-224,-224.0,-224.0,441.0,8,0.125,0.3150959436482876,217,0.2,0.3,2.375,0,,usable,44.81045407093858,143,False,
Ian Happ,CHC,PIT,Braxton Ashcraft,True,confirmed,MLB Starting Lineups Page,LOCKED,LOCKED: Ian Happ is confirmed in today's lineup at slot #4.,4.0,4.28,0.569,0.6063,0.6152,0.6363,-170,-170.0,-170.0,358.0,9,0.2222222222222222,0.34771042252217865,188,0.4,0.5333333333333333,3.3333333333333335,0,,usable,44.64904225221787,144,False,
Anthony Volpe,NYY,PHI,Cristopher Sánchez,False,Lineup Wait,,HOLD,HOLD: wait for confirmed lineup before using this as a Sharpie late-hitter target.,4.86,4.17,0.4743,0.6012,0.5869,0.6099,-202,-202.0,-202.0,376.0,8,0.25,0.36509594364828757,174,0.3333333333333333,0.5,2.75,0,,usable,43.56319436482876,145,False,
Ryan O'Hearn,PIT,CHC,Jameson Taillon,True,confirmed,MLB Starting Lineups Page,LOCKED,LOCKED: Ryan O'Hearn is confirmed in today's lineup at slot #5.,5.0,4.07,0.6336,0.6235,0.6298,0.6458,-213,-213.0,-213.0,377.0,2,0.0,0.37870849092612513,164,0.5,0.5,2.0,0,,thin,43.524049092612515,146,False,
Mookie Betts,LAD,NYM,Freddy Peralta,True,confirmed,MLB Starting Lineups Page,LOCKED,LOCKED: Mookie Betts is confirmed in today's lineup at slot #5.,5.0,4.15,0.5934,0.6221,0.6319,0.6551,-220,-220.0,-220.0,421.0,10,0.2,0.3319054033166251,201,0.3333333333333333,0.4666666666666667,3.5,0,,usable,42.36134033166251,147,False,
Lawrence Butler,ATH,MIN,Connor Prielipp,False,Lineup Wait,,HOLD,HOLD: wait for confirmed lineup before using this as a Sharpie late-hitter target.,3.17,4.36,0.5543,0.6138,0.6322,0.6504,-189,-189.0,-189.0,422.0,9,0.1111111111111111,0.30009137490313104,233,0.18181818181818182,0.2727272727272727,1.5555555555555556,1,0.0,usable,41.2180335600593,148,False,
Myles Straw,TOR,BOS,Ranger Suarez,False,Lineup Wait,,HOLD,HOLD: wait for confirmed lineup before using this as a Sharpie late-hitter target.,3.33,4.35,0.6172,0.6491,0.6585,0.6771,-127,-127.0,-127.0,480.0,12,0.0,0.220913286373573,353,0.07692307692307693,0.07692307692307693,0.5,0,,strong,37.32492680500558,149,False,
