player,player_key,team_last,games,first_pa_no_hit_games,hits_after_first_no_hit,recovery_hit_rate_after_0for1,bayes_recovery_hit_rate,first_pa_hit_rate,full_game_hit_rate,avg_remaining_pa_after_0for1,avg_lineup_slot,leadoff_samples,leadoff_recovery_hit_rate,buyback_score,fair_live_odds_after_0for1,sample_flag
Ben Rice,ben rice,NYY,30,25,19,0.76,0.6587308888193844,0.16666666666666666,0.8,3.44,2.0,7,0.7142857142857143,79.87641770161795,-193,strong
Andy Pages,andy pages,LAD,26,24,17,0.7083333333333334,0.6214734135088117,0.07692307692307693,0.7307692307692307,3.5416666666666665,3.230769230769231,0,,76.8032342731248,-164,strong
Ernie Clement,ernie clement,TOR,26,20,15,0.75,0.6366575901974132,0.23076923076923078,0.8076923076923077,2.8,5.538461538461538,0,,74.7426820966644,-175,strong
Junior Caminero,junior caminero,TB,28,22,16,0.7272727272727273,0.6286189084210948,0.21428571428571427,0.7857142857142857,3.6818181818181817,2.8214285714285716,0,,74.61903369925234,-169,strong
Nathan Lukes,nathan lukes,TOR,15,8,8,1.0,0.6686521443158611,0.4666666666666667,1.0,3.25,3.066666666666667,1,1.0,74.4652144315861,-202,usable
Spencer Horwitz,spencer horwitz,PIT,18,13,11,0.8461538461538461,0.6549217154526888,0.2777777777777778,0.8888888888888888,3.230769230769231,3.4444444444444446,6,0.8333333333333334,74.23106043415777,-190,strong
Teoscar Hernández,teoscar hernandez,LAD,16,15,11,0.7333333333333333,0.6064089957895268,0.0625,0.75,2.466666666666667,6.866666666666666,0,,71.72756173196555,-154,strong
Jonathan Aranda,jonathan aranda,TB,27,18,13,0.7222222222222222,0.6124347628772407,0.3333333333333333,0.8148148148148148,3.5,2.5925925925925926,0,,71.49162443587223,-158,strong
Ceddanne Rafaela,ceddanne rafaela,BOS,20,16,12,0.75,0.6204658173684722,0.2,0.8,3.4375,2.95,0,,71.33324388986009,-163,strong
Travis Bazzana,travis bazzana,CLE,28,22,15,0.6818181818181818,0.5992071437152124,0.21428571428571427,0.75,3.1818181818181817,2.892857142857143,12,0.75,71.32071437152125,-150,strong
Cody Bellinger,cody bellinger,NYY,26,23,15,0.6521739130434783,0.5820869396090634,0.11538461538461539,0.6923076923076923,3.347826086956522,3.6153846153846154,0,,71.26074072930382,-139,strong
Randy Arozarena,randy arozarena,SEA,27,23,15,0.6521739130434783,0.5820869396090634,0.14814814814814814,0.7037037037037037,3.3043478260869565,3.6296296296296298,0,,70.71943018799328,-139,strong
Iván Herrera,ivan herrera,STL,22,19,13,0.6842105263157895,0.5926788027844265,0.13636363636363635,0.7272727272727273,3.3684210526315788,2.1818181818181817,0,,70.44999697691006,-146,strong
Josh Naylor,josh naylor,SEA,28,23,15,0.6521739130434783,0.5820869396090634,0.17857142857142858,0.7142857142857143,3.3043478260869565,3.7142857142857144,0,,70.21678468534778,-139,strong
Tyler Freeman,tyler freeman,COL,14,11,9,0.8181818181818182,0.6249149081007488,0.21428571428571427,0.8571428571428571,3.272727272727273,3.5,0,,70.01291938150345,-167,usable
Munetaka Murakami,munetaka murakami,CWS,19,18,12,0.6666666666666666,0.5791014295439074,0.05263157894736842,0.6842105263157895,3.3333333333333335,2.0526315789473686,0,,69.88627879161413,-138,strong
Cole Young,cole young,SEA,29,23,15,0.6521739130434783,0.5820869396090634,0.20689655172413793,0.7241379310344828,3.0434782608695654,5.724137931034483,4,1.0,69.80007327125116,-139,strong
Miguel Vargas,miguel vargas,CWS,31,28,17,0.6071428571428571,0.5593260721579305,0.0967741935483871,0.6451612903225806,3.2142857142857144,2.7096774193548385,2,1.0,69.78539840106397,-127,strong
Shohei Ohtani,shohei ohtani,LAD,24,15,11,0.7333333333333333,0.6064089957895268,0.375,0.8333333333333334,3.8666666666666667,1.0,15,0.7333333333333333,69.72423291228601,-154,strong
James Wood,james wood,WSH,26,21,14,0.6666666666666666,0.5870619056459764,0.19230769230769232,0.7307692307692307,3.5714285714285716,1.0,21,0.6666666666666666,69.70439117914896,-142,strong
Bryan Reynolds,bryan reynolds,PIT,28,19,13,0.6842105263157895,0.5926788027844265,0.32142857142857145,0.7857142857142857,3.473684210526316,3.0357142857142856,0,,69.67502313558552,-146,strong
Brandon Lowe,brandon lowe,PIT,28,21,14,0.6666666666666666,0.5870619056459764,0.25,0.75,3.2857142857142856,2.7142857142857144,0,,69.65619056459764,-142,strong
Alex Bregman,alex bregman,CHC,23,15,11,0.7333333333333333,0.6064089957895268,0.34782608695652173,0.8260869565217391,3.4,3.3043478260869565,0,,69.65176914417007,-154,strong
Dylan Crews,dylan crews,WSH,17,13,10,0.7692307692307693,0.6149217154526889,0.23529411764705882,0.8235294117647058,3.1538461538461537,5.117647058823529,0,,69.57746566291594,-160,strong
Luke Keaschall,luke keaschall,MIN,17,13,10,0.7692307692307693,0.6149217154526889,0.23529411764705882,0.8235294117647058,2.769230769230769,7.0,0,,69.57746566291594,-160,strong
Alec Bohm,alec bohm,PHI,27,21,14,0.6666666666666666,0.5870619056459764,0.2222222222222222,0.7407407407407407,3.0476190476190474,4.222222222222222,0,,69.56359797200504,-142,strong
Brett Baty,brett baty,NYM,21,17,12,0.7058823529411765,0.5990704443557663,0.19047619047619047,0.7619047619047619,2.823529411764706,6.571428571428571,0,,69.4532303981133,-149,strong
Kyle Stowers,kyle stowers,MIA,24,23,14,0.6086956521739131,0.553515511037635,0.041666666666666664,0.625,3.260869565217391,3.7083333333333335,0,,69.20487992344302,-124,strong
Pete Crow-Armstrong,pete crow-armstrong,CHC,23,20,13,0.65,0.5741575901974132,0.13043478260869565,0.6956521739130435,3.5,3.5652173913043477,13,0.6923076923076923,68.8502472597107,-135,strong
Alec Burleson,alec burleson,STL,22,18,12,0.6666666666666666,0.5791014295439074,0.18181818181818182,0.7272727272727273,2.9444444444444446,3.590909090909091,0,,67.73316874376724,-138,strong
Juan Soto,juan soto,NYM,19,12,9,0.75,0.5988767869298842,0.3684210526315789,0.8421052631578947,3.3333333333333335,2.8421052631578947,0,,67.70873132456737,-149,strong
Troy Johnston,troy johnston,COL,17,14,10,0.7142857142857143,0.59127088024297,0.17647058823529413,0.7647058823529411,2.857142857142857,5.411764705882353,0,,67.6313972361334,-145,strong
Jarren Duran,jarren duran,BOS,22,14,10,0.7142857142857143,0.59127088024297,0.36363636363636365,0.8181818181818182,3.9285714285714284,1.7272727272727273,13,0.6923076923076923,67.6089062061152,-145,strong
Jeremy Peña,jeremy pena,HOU,17,12,9,0.75,0.5988767869298842,0.29411764705882354,0.8235294117647058,3.1666666666666665,1.3529411764705883,10,0.8,67.52297281063548,-149,strong
Brandon Valenzuela,brandon valenzuela,TOR,16,15,10,0.6666666666666666,0.5693719587524897,0.0625,0.6875,2.8,8.1875,0,,67.39885802826183,-132,strong
Willson Contreras,willson contreras,BOS,20,16,11,0.6875,0.5847515316541865,0.2,0.75,3.1875,4.0,0,,67.26181531843152,-141,strong
Bobby Witt Jr.,bobby witt,KC,18,14,10,0.7142857142857143,0.59127088024297,0.2222222222222222,0.7777777777777778,3.2857142857142856,2.0,0,,67.20486580207478,-145,strong
Luis Arraez,luis arraez,SF,19,17,11,0.6470588235294118,0.5645876857350767,0.10526315789473684,0.6842105263157895,3.3529411764705883,2.4210526315789473,0,,66.93227283178369,-130,strong
Zack Gelof,zack gelof,ATH,19,17,11,0.6470588235294118,0.5645876857350767,0.10526315789473684,0.6842105263157895,3.3529411764705883,6.631578947368421,0,,66.93227283178369,-130,strong
Trea Turner,trea turner,PHI,27,24,14,0.5833333333333334,0.5381400801754784,0.1111111111111111,0.6296296296296297,3.4583333333333335,1.3703703703703705,15,0.6,66.77474424463477,-117,strong
Colton Cowser,colton cowser,BAL,20,17,11,0.6470588235294118,0.5645876857350767,0.15,0.7,1.7058823529411764,7.25,0,,66.19543072652054,-130,strong
Chandler Simpson,chandler simpson,TB,26,19,12,0.631578947368421,0.5604207382682975,0.2692307692307692,0.7307692307692307,3.1052631578947367,4.0,6,0.6666666666666666,65.89976613452205,-127,strong
Ezequiel Tovar,ezequiel tovar,COL,18,15,10,0.6666666666666666,0.5693719587524897,0.16666666666666666,0.7222222222222222,2.8666666666666667,6.0,0,,65.66274691715073,-132,strong
Trent Grisham,trent grisham,NYY,24,17,11,0.6470588235294118,0.5645876857350767,0.2916666666666667,0.75,3.5294117647058822,2.6666666666666665,13,0.6923076923076923,65.60876857350767,-130,strong
Jung Hoo Lee,jung hoo lee,SF,11,9,7,0.7777777777777778,0.5891925183960582,0.18181818181818182,0.8181818181818182,2.4444444444444446,4.181818181818182,4,1.0,65.60136853807323,-143,usable
José Ramírez,jose ramirez,CLE,23,17,11,0.6470588235294118,0.5645876857350767,0.2608695652173913,0.7391304347826086,3.4705882352941178,2.0869565217391304,0,,65.50007292133377,-130,strong
Chase Meidroth,chase meidroth,CWS,31,24,14,0.5833333333333334,0.5381400801754784,0.22580645161290322,0.6774193548387096,3.1666666666666665,4.516129032258065,3,1.0,65.38820156593495,-117,strong
Carter Jensen,carter jensen,KC,20,18,11,0.6111111111111112,0.5457680962105741,0.1,0.65,2.9444444444444446,3.75,6,0.8333333333333334,65.26347177407027,-120,strong
Cooper Pratt,cooper pratt,MIL,3,3,3,1.0,0.5582028590878149,0.0,1.0,3.0,8.0,0,,65.25694806179436,-126,thin
Jacob Wilson,jacob wilson,ATH,3,3,3,1.0,0.5582028590878149,0.0,1.0,3.0,3.3333333333333335,1,1.0,65.25694806179436,-126,thin
Spencer Steer,spencer steer,CIN,19,13,9,0.6923076923076923,0.5749217154526889,0.3157894736842105,0.7894736842105263,3.076923076923077,5.105263157894737,0,,65.23690838737416,-135,strong
Maikel Garcia,maikel garcia,KC,16,11,8,0.7272727272727273,0.5814366472311836,0.3125,0.8125,3.3636363636363638,1.3125,10,0.7,65.21866472311837,-139,usable
Gabriel Moreno,gabriel moreno,AZ,19,15,10,0.6666666666666666,0.5693719587524897,0.21052631578947367,0.7368421052631579,3.2666666666666666,5.526315789473684,0,,65.05561692788055,-132,strong
Brandon Marsh,brandon marsh,PHI,26,23,13,0.5652173913043478,0.5249440824662064,0.11538461538461539,0.6153846153846154,2.739130434782609,5.115384615384615,0,,64.77722424578735,-111,strong
Nick Gonzales,nick gonzales,PIT,26,20,12,0.6,0.5429075901974132,0.23076923076923078,0.6923076923076923,2.95,4.115384615384615,4,0.5,64.21383594281824,-119,strong
Connor Wong,connor wong,BOS,7,6,5,0.8333333333333334,0.5762801603509567,0.14285714285714285,0.8571428571428571,2.6666666666666665,8.285714285714286,0,,64.12896390239426,-136,usable
Yandy Díaz,yandy diaz,TB,27,18,11,0.6111111111111112,0.5457680962105741,0.3333333333333333,0.7407407407407407,3.3333333333333335,1.8888888888888888,13,0.6153846153846154,64.08421702846482,-120,strong
Ty France,ty france,SD,16,14,9,0.6428571428571429,0.5528093417814316,0.125,0.6875,2.5,6.0,0,,64.04259633115603,-124,strong
Kevin McGonigle,kevin mcgonigle,DET,25,18,11,0.6111111111111112,0.5457680962105741,0.28,0.72,3.3333333333333335,1.4,12,0.6666666666666666,63.87680962105741,-120,strong
Kahlil Watson,kahlil watson,CLE,5,5,4,0.8,0.5513554639010131,0.0,0.8,2.4,5.4,0,,63.47220854311418,-123,usable
Corbin Carroll,corbin carroll,AZ,22,14,9,0.6428571428571429,0.5528093417814316,0.36363636363636365,0.7727272727272727,3.4285714285714284,2.1363636363636362,1,1.0,63.30820690541589,-124,strong
Ketel Marte,ketel marte,AZ,22,14,9,0.6428571428571429,0.5528093417814316,0.36363636363636365,0.7727272727272727,3.7142857142857144,1.1363636363636365,13,0.6153846153846154,63.30820690541589,-124,strong
Jordan Walker,jordan walker,STL,21,16,10,0.625,0.5490372459399008,0.23809523809523808,0.7142857142857143,3.3125,3.4761904761904763,0,,63.246581736847226,-122,strong
Elly De La Cruz,elly de la cruz,CIN,16,15,9,0.6,0.5323349217154527,0.0625,0.625,3.533333333333333,1.9375,1,1.0,63.07015432455814,-114,strong
Kerry Carpenter,kerry carpenter,DET,9,9,6,0.6666666666666666,0.5415734707770106,0.0,0.6666666666666666,1.7777777777777777,4.333333333333333,0,,62.96067589738058,-118,usable
Jackson Chourio,jackson chourio,MIL,19,14,9,0.6428571428571429,0.5528093417814316,0.2631578947368421,0.7368421052631579,3.5,1.4210526315789473,7,0.5714285714285714,62.94935523077474,-124,strong
William Contreras,william contreras,MIL,18,12,8,0.6666666666666666,0.5572101202632176,0.3333333333333333,0.7777777777777778,3.25,3.3529411764705883,0,,62.898789804099536,-126,strong
Tristan Peters,tristan peters,CWS,27,21,12,0.5714285714285714,0.5264558450399158,0.2222222222222222,0.6666666666666666,2.4761904761904763,7.62962962962963,0,,62.76225117065825,-111,strong
Ronald Acuña Jr.,ronald acuna,ATL,15,12,8,0.6666666666666666,0.5572101202632176,0.2,0.7333333333333333,3.5833333333333335,1.0666666666666667,11,0.6363636363636364,62.54100751266796,-126,strong
Julio Rodríguez,julio rodriguez,SEA,26,19,11,0.5789473684210527,0.5281626737521684,0.2692307692307692,0.6923076923076923,3.263157894736842,2.1153846153846154,0,,62.289344298293756,-112,strong
Zach Neto,zach neto,LAA,26,19,11,0.5789473684210527,0.5281626737521684,0.2692307692307692,0.6923076923076923,3.3684210526315788,1.3846153846153846,17,0.5294117647058824,62.289344298293756,-112,strong
Andrew Vaughn,andrew vaughn,MIL,17,15,9,0.6,0.5323349217154527,0.11764705882352941,0.6470588235294118,2.4,5.066666666666666,0,,62.18780138338166,-114,strong
Michael Harris II,michael harris ii,ATL,24,17,10,0.5882352941176471,0.530104927114387,0.2916666666666667,0.7083333333333334,3.3529411764705883,4.083333333333333,0,,61.74382604477203,-113,strong
Geraldo Perdomo,geraldo perdomo,AZ,23,20,11,0.55,0.5116575901974132,0.13043478260869565,0.6086956521739131,3.35,2.9130434782608696,0,,61.7306820423194,-105,strong
Bryson Stott,bryson stott,PHI,27,22,12,0.5454545454545454,0.5109718495975654,0.18518518518518517,0.6296296296296297,2.727272727272727,6.37037037037037,0,,61.67643970536199,-104,strong
Anthony Seigler,anthony seigler,BOS,2,2,2,1.0,0.5266459204512302,0.0,1.0,4.0,1.0,2,1.0,61.65125419813588,-111,thin
George Lombard Jr.,george lombard,NYY,2,2,2,1.0,0.5266459204512302,0.0,1.0,2.5,7.0,0,,61.65125419813588,-111,thin
Noelvi Marte,noelvi marte,CIN,2,2,2,1.0,0.5266459204512302,0.0,1.0,3.0,7.0,0,,61.65125419813588,-111,thin
Michael Busch,michael busch,CHC,23,17,10,0.5882352941176471,0.530104927114387,0.2608695652173913,0.6956521739130435,3.5294117647058822,3.260869565217391,0,,61.61701445056913,-113,strong
Nico Hoerner,nico hoerner,CHC,23,17,10,0.5882352941176471,0.530104927114387,0.2608695652173913,0.6956521739130435,3.411764705882353,2.9130434782608696,6,0.5,61.61701445056913,-113,strong
Brooks Lee,brooks lee,MIN,21,17,10,0.5882352941176471,0.530104927114387,0.19047619047619047,0.6666666666666666,2.9411764705882355,3.1904761904761907,1,0.0,61.60429772159441,-113,strong
Marcus Semien,marcus semien,NYM,21,17,10,0.5882352941176471,0.530104927114387,0.19047619047619047,0.6666666666666666,3.0,6.428571428571429,0,,61.60429772159441,-113,strong
Pete Alonso,pete alonso,BAL,21,17,10,0.5882352941176471,0.530104927114387,0.19047619047619047,0.6666666666666666,3.2941176470588234,3.7142857142857144,0,,61.60429772159441,-113,strong
Xavier Edwards,xavier edwards,MIA,25,15,9,0.6,0.5323349217154527,0.4,0.76,3.2666666666666666,1.96,11,0.6363636363636364,61.583492171545274,-114,strong
Tyler Soderstrom,tyler soderstrom,ATH,22,17,10,0.5882352941176471,0.530104927114387,0.22727272727272727,0.6818181818181818,2.8823529411764706,4.090909090909091,0,,61.47867452962051,-113,strong
Yordan Alvarez,yordan alvarez,HOU,20,18,10,0.5555555555555556,0.5124347628772408,0.1,0.6,3.111111111111111,2.55,0,,61.43013844073695,-105,strong
Ryan McMahon,ryan mcmahon,NYY,23,21,11,0.5238095238095238,0.4961528147368855,0.08695652173913043,0.5652173913043478,2.2857142857142856,6.565217391304348,0,,61.41281319191881,102,strong
Francisco Alvarez,francisco alvarez,NYM,4,3,3,1.0,0.5582028590878149,0.25,1.0,3.6666666666666665,7.5,0,,61.17028590878149,-126,thin
Cedric Mullins,cedric mullins,TB,24,20,11,0.55,0.5116575901974132,0.16666666666666666,0.625,2.9,6.208333333333333,0,,61.16908783942085,-105,strong
Jared Triolo,jared triolo,PIT,21,15,9,0.6,0.5323349217154527,0.2857142857142857,0.7142857142857143,2.6,7.9523809523809526,0,,61.12634931440242,-114,strong
Nick Kurtz,nick kurtz,ATH,21,15,9,0.6,0.5323349217154527,0.2857142857142857,0.7142857142857143,3.466666666666667,2.0,3,0.3333333333333333,61.12634931440242,-114,strong
Ryan Jeffers,ryan jeffers,MIN,8,7,5,0.7142857142857143,0.5459496255956433,0.125,0.75,3.0,2.75,0,,60.831624712577195,-120,usable
Shea Langeliers,shea langeliers,ATH,21,18,10,0.5555555555555556,0.5124347628772408,0.14285714285714285,0.6190476190476191,3.5,2.380952380952381,2,0.5,60.763471774070275,-105,strong
Matt Olson,matt olson,ATL,24,22,11,0.5,0.481560084891683,0.08333333333333333,0.5416666666666666,3.409090909090909,3.0416666666666665,0,,60.476003975514494,108,strong
Konnor Griffin,konnor griffin,PIT,16,9,6,0.6666666666666666,0.5415734707770106,0.4375,0.8125,3.3333333333333335,4.25,1,1.0,60.33234707770105,-118,usable
Jake Burger,jake burger,TEX,22,18,10,0.5555555555555556,0.5124347628772408,0.18181818181818182,0.6363636363636364,3.0555555555555554,5.045454545454546,0,,60.15741116800967,-105,strong
Daylen Lile,daylen lile,WSH,25,21,11,0.5238095238095238,0.4961528147368855,0.16,0.6,3.3333333333333335,5.44,0,,59.951943626701414,102,strong
Byron Buxton,byron buxton,MIN,13,9,6,0.6666666666666666,0.5415734707770106,0.3076923076923077,0.7692307692307693,3.5555555555555554,1.1538461538461537,9,0.6666666666666666,59.899654770008745,-118,usable
Coby Mayo,coby mayo,BAL,13,9,6,0.6666666666666666,0.5415734707770106,0.3076923076923077,0.7692307692307693,2.111111111111111,6.923076923076923,0,,59.899654770008745,-118,usable
Kyle Schwarber,kyle schwarber,PHI,23,18,10,0.5555555555555556,0.5124347628772408,0.21739130434782608,0.6521739130434783,3.5,1.565217391304348,8,0.75,59.86521541815886,-105,strong
Rafael Devers,rafael devers,SF,19,16,9,0.5625,0.5133229602256151,0.15789473684210525,0.631578947368421,3.25,3.789473684210526,0,,59.77685291241648,-105,strong
Drake Baldwin,drake baldwin,ATL,10,7,5,0.7142857142857143,0.5459496255956433,0.3,0.8,3.2857142857142856,1.5,5,0.8,59.74496255956433,-120,usable
Lourdes Gurriel Jr.,lourdes gurriel,AZ,10,7,5,0.7142857142857143,0.5459496255956433,0.3,0.8,3.0,5.555555555555555,0,,59.74496255956433,-120,usable
Andrew Benintendi,andrew benintendi,CWS,25,22,11,0.5,0.481560084891683,0.12,0.56,2.5454545454545454,4.84,0,,59.74267064218116,108,strong
Charles McAdoo,charles mcadoo,TOR,4,4,3,0.75,0.5233151803948264,0.0,0.75,2.75,6.75,0,,59.7181801924955,-110,thin
Tommy Troy,tommy troy,AZ,12,9,6,0.6666666666666666,0.5415734707770106,0.25,0.75,2.6666666666666665,9.0,0,,59.70734707770105,-118,usable
Jeremiah Jackson,jeremiah jackson,BAL,13,12,7,0.5833333333333334,0.515543453596551,0.07692307692307693,0.6153846153846154,2.3333333333333335,7.666666666666667,0,,59.65639212805257,-106,strong
Curtis Mead,curtis mead,WSH,21,16,9,0.5625,0.5133229602256151,0.23809523809523808,0.6666666666666666,2.9375,2.9047619047619047,0,,59.198962689228175,-105,strong
Isaac Paredes,isaac paredes,HOU,20,16,9,0.5625,0.5133229602256151,0.2,0.65,2.9375,2.9473684210526314,0,,59.11895817557438,-105,strong
Jake Bauers,jake bauers,MIL,17,14,8,0.5714285714285714,0.5143478033198932,0.17647058823529413,0.6470588235294118,2.9285714285714284,5.117647058823529,0,,58.76261895559041,-106,strong
TJ Rumfield,tj rumfield,COL,17,14,8,0.5714285714285714,0.5143478033198932,0.17647058823529413,0.6470588235294118,2.7142857142857144,3.5294117647058822,0,,58.76261895559041,-106,strong
Jazz Chisholm Jr.,jazz chisholm,NYY,26,19,10,0.5263157894736842,0.4959046092360394,0.2692307692307692,0.6538461538461539,3.3157894736842106,5.5,0,,58.67892246206548,102,strong
Riley Greene,riley greene,DET,25,19,10,0.5263157894736842,0.4959046092360394,0.24,0.64,3.1052631578947367,4.0,0,,58.54046092360394,102,strong
Christopher Morel,christopher morel,MIA,11,11,6,0.5454545454545454,0.4944801254920531,0.0,0.5454545454545454,2.272727272727273,6.090909090909091,0,,58.48467470221818,102,usable
Pedro Pagés,pedro pages,STL,11,11,6,0.5454545454545454,0.4944801254920531,0.0,0.5454545454545454,2.090909090909091,7.818181818181818,0,,58.48467470221818,102,usable
JJ Wetherholt,jj wetherholt,STL,20,17,9,0.5294117647058824,0.49562216849369733,0.15,0.6,3.588235294117647,1.0,17,0.5294117647058824,58.2988790023826,102,strong
Joe Mack,joe mack,MIA,18,12,7,0.5833333333333334,0.515543453596551,0.3333333333333333,0.7222222222222222,2.25,8.444444444444445,0,,58.176567581877315,-106,strong
Jo Adell,jo adell,LAA,27,24,11,0.4583333333333333,0.45480674684214506,0.1111111111111111,0.5185185185185185,3.0833333333333335,5.037037037037037,1,0.0,58.14511461500514,120,strong
Blake Dunn,blake dunn,CIN,17,12,7,0.5833333333333334,0.515543453596551,0.29411764705882354,0.7058823529411765,3.1666666666666665,3.411764705882353,7,0.42857142857142855,58.01316888906686,-106,strong
Nathaniel Lowe,nathaniel lowe,CIN,17,12,7,0.5833333333333334,0.515543453596551,0.29411764705882354,0.7058823529411765,2.5833333333333335,5.705882352941177,0,,58.01316888906686,-106,strong
Otto Lopez,otto lopez,MIA,25,17,9,0.5294117647058824,0.49562216849369733,0.32,0.68,3.176470588235294,2.64,2,1.0,58.012216849369736,102,strong
Marcell Ozuna,marcell ozuna,PIT,14,14,7,0.5,0.4758862648583547,0.0,0.5,3.0,5.615384615384615,0,,57.97528863884833,110,strong
Josh Lowe,josh lowe,LAA,16,12,7,0.5833333333333334,0.515543453596551,0.25,0.6875,2.25,7.8125,0,,57.82934535965509,-106,strong
Nolan Schanuel,nolan schanuel,LAA,16,12,7,0.5833333333333334,0.515543453596551,0.25,0.6875,3.1666666666666665,3.375,0,,57.82934535965509,-106,strong
Jared Young,jared young,NYM,12,10,6,0.6,0.516956494832601,0.16666666666666666,0.6666666666666666,2.9,5.5,0,,57.615644969606294,-107,usable
Brewer Hicklen,brewer hicklen,ATL,1,1,1,1.0,0.4902340681782479,0.0,1.0,3.0,9.0,0,,57.560068970837655,104,thin
Cole Carrigg,cole carrigg,COL,1,1,1,1.0,0.4902340681782479,0.0,1.0,3.0,4.0,0,,57.560068970837655,104,thin
Cooper Ingle,cooper ingle,CLE,1,1,1,1.0,0.4902340681782479,0.0,1.0,2.0,6.0,0,,57.560068970837655,104,thin
Felix Reyes,felix reyes,PHI,1,1,1,1.0,0.4902340681782479,0.0,1.0,1.0,8.0,0,,57.560068970837655,104,thin
Gabriel Gonzalez,gabriel gonzalez,MIN,1,1,1,1.0,0.4902340681782479,0.0,1.0,3.0,5.0,0,,57.560068970837655,104,thin
Jordan Beck,jordan beck,COL,1,1,1,1.0,0.4902340681782479,0.0,1.0,3.0,1.0,1,1.0,57.560068970837655,104,thin
Jordan Lawlar,jordan lawlar,AZ,1,1,1,1.0,0.4902340681782479,0.0,1.0,3.0,7.0,0,,57.560068970837655,104,thin
Rafael Flores Jr.,rafael flores,PIT,1,1,1,1.0,0.4902340681782479,0.0,1.0,2.0,9.0,0,,57.560068970837655,104,thin
Ronny Mauricio,ronny mauricio,NYM,1,1,1,1.0,0.4902340681782479,0.0,1.0,3.0,9.0,0,,57.560068970837655,104,thin
Ronny Simon,ronny simon,PIT,1,1,1,1.0,0.4902340681782479,0.0,1.0,3.0,7.0,0,,57.560068970837655,104,thin
Will Wagner,will wagner,SD,1,1,1,1.0,0.4902340681782479,0.0,1.0,3.0,8.0,0,,57.560068970837655,104,thin
Masyn Winn,masyn winn,STL,21,18,9,0.5,0.4791014295439074,0.14285714285714285,0.5714285714285714,3.111111111111111,5.380952380952381,1,0.0,57.23966225026074,109,strong
George Springer,george springer,TOR,23,15,8,0.5333333333333333,0.4952978846784156,0.34782608695652173,0.6956521739130435,3.533333333333333,1.391304347826087,13,0.5384615384615384,57.236310206972,102,strong
CJ Abrams,cj abrams,WSH,25,20,10,0.5,0.4804075901974132,0.2,0.6,3.3,4.0,0,,57.12742117275418,108,strong
Will Smith,will smith,LAD,13,10,6,0.6,0.516956494832601,0.23076923076923078,0.6923076923076923,3.1,5.384615384615385,0,,57.11872640633702,-107,usable
Oswald Peraza,oswald peraza,LAA,21,19,9,0.47368421052631576,0.4636465447199104,0.09523809523809523,0.5238095238095238,2.789473684210526,6.666666666666667,0,,57.096554720242004,116,strong
Liam Hicks,liam hicks,MIA,25,22,10,0.45454545454545453,0.45214832018580065,0.12,0.52,3.3636363636363638,2.4,5,0.8,56.80149417159292,121,strong
Jesús Sánchez,jesus sanchez,TOR,20,15,8,0.5333333333333333,0.4952978846784156,0.25,0.65,2.2,5.55,0,,56.77978846784156,102,strong
Josh Bell,josh bell,MIN,20,15,8,0.5333333333333333,0.4952978846784156,0.25,0.65,3.066666666666667,3.9,0,,56.77978846784156,102,strong
Nolan Arenado,nolan arenado,AZ,20,15,8,0.5333333333333333,0.4952978846784156,0.25,0.65,3.0,4.578947368421052,0,,56.77978846784156,102,strong
Nick Sogard,nick sogard,BOS,11,8,5,0.625,0.5186521443158612,0.2727272727272727,0.7272727272727273,2.625,6.636363636363637,0,,56.73794170431339,-108,usable
James Outman,james outman,MIN,15,15,7,0.4666666666666667,0.4582608476413786,0.0,0.4666666666666667,1.9333333333333333,8.0,0,,56.66274691715073,118,strong
Austin Hedges,austin hedges,CLE,15,14,7,0.5,0.4758862648583547,0.06666666666666667,0.5333333333333333,2.5,8.066666666666666,0,,56.641955305515,110,strong
Michael Helman,michael helman,TEX,7,7,4,0.5714285714285714,0.49331804664827483,0.0,0.5714285714285714,2.2857142857142856,7.857142857142857,0,,56.568466817840346,103,usable
Jasson Domínguez,jasson dominguez,NYY,9,6,4,0.6666666666666666,0.5207246047954013,0.3333333333333333,0.7777777777777778,3.3333333333333335,3.3333333333333335,0,,56.55023825731791,-109,usable
Freddie Freeman,freddie freeman,LAD,25,18,9,0.5,0.4791014295439074,0.28,0.64,3.388888888888889,2.92,0,,56.410142954390736,109,strong
Luis García Jr.,luis garcia,WSH,26,21,10,0.47619047619047616,0.4658497844338552,0.19230769230769232,0.5769230769230769,2.380952380952381,2.6538461538461537,0,,56.275486750244546,115,strong
Henry Bolte,henry bolte,ATH,22,19,9,0.47368421052631576,0.4636465447199104,0.13636363636363635,0.5454545454545454,2.5789473684210527,6.0,2,0.5,56.274043897731175,116,strong
Joc Pederson,joc pederson,TEX,22,19,9,0.47368421052631576,0.4636465447199104,0.13636363636363635,0.5454545454545454,2.3684210526315788,1.5,15,0.6,56.274043897731175,116,strong
Matt Vierling,matt vierling,DET,22,19,9,0.47368421052631576,0.4636465447199104,0.13636363636363635,0.5454545454545454,2.6315789473684212,4.909090909090909,3,0.3333333333333333,56.274043897731175,116,strong
Ozzie Albies,ozzie albies,ATL,24,18,9,0.5,0.4791014295439074,0.25,0.625,3.4444444444444446,3.4166666666666665,0,,56.26014295439074,109,strong
Richie Palacios,richie palacios,TB,22,20,9,0.45,0.4491575901974132,0.09090909090909091,0.5,2.4,5.5,2,0.0,56.18423935457236,123,strong
Bryce Harper,bryce harper,PHI,27,21,10,0.47619047619047616,0.4658497844338552,0.2222222222222222,0.5925925925925926,3.142857142857143,2.925925925925926,0,,56.034978443385526,115,strong
Willy Adames,willy adames,SF,18,13,7,0.5384615384615384,0.49492171545268887,0.2777777777777778,0.6666666666666666,3.3846153846153846,3.2777777777777777,6,0.6666666666666666,56.008838211935554,102,strong
Vinnie Pasquantino,vinnie pasquantino,KC,17,13,7,0.5384615384615384,0.49492171545268887,0.23529411764705882,0.6470588235294118,3.3846153846153846,3.764705882352941,0,,55.812759780563006,102,strong
Carson Benge,carson benge,NYM,24,16,8,0.5,0.4776086745113294,0.3333333333333333,0.6666666666666666,3.5625,1.875,14,0.5,55.627534117799605,109,strong
Brent Rooker,brent rooker,ATH,16,14,7,0.5,0.4758862648583547,0.125,0.5625,3.2142857142857144,3.8125,0,,55.47528863884833,110,strong
Gavin Sheets,gavin sheets,SD,21,16,8,0.5,0.4776086745113294,0.23809523809523808,0.6190476190476191,2.9375,3.6666666666666665,0,,55.15134364160913,109,strong
Christian Yelich,christian yelich,MIL,15,11,6,0.5454545454545454,0.4944801254920531,0.26666666666666666,0.6666666666666666,3.727272727272727,2.466666666666667,5,0.6,55.064679215871976,102,usable
José Caballero,jose caballero,NYY,20,16,8,0.5,0.4776086745113294,0.2,0.6,2.5,7.0,0,,55.04752960414581,109,strong
Kazuma Okamoto,kazuma okamoto,TOR,24,19,9,0.47368421052631576,0.4636465447199104,0.20833333333333334,0.5833333333333334,3.1052631578947367,4.75,0,,54.91465447199104,116,strong
Christian Walker,christian walker,HOU,20,17,8,0.47058823529411764,0.46113940987300767,0.15,0.55,3.235294117647059,3.65,0,,54.85060314031363,117,strong
J.T. Realmuto,jt realmuto,PHI,20,17,8,0.47058823529411764,0.46113940987300767,0.15,0.55,2.7058823529411766,6.7,0,,54.85060314031363,117,strong
Jackson Merrill,jackson merrill,SD,20,18,8,0.4444444444444444,0.44576809621057406,0.1,0.5,2.7777777777777777,5.15,2,0.0,54.763471774070275,124,strong
Bo Bichette,bo bichette,NYM,24,20,9,0.45,0.4491575901974132,0.16666666666666666,0.5416666666666666,3.4,2.2083333333333335,0,,54.66908783942085,123,strong
Daulton Varsho,daulton varsho,TOR,21,14,7,0.5,0.4758862648583547,0.3333333333333333,0.6666666666666666,2.857142857142857,4.0476190476190474,0,,54.55529315250213,110,strong
Kody Clemens,kody clemens,MIN,21,14,7,0.5,0.4758862648583547,0.3333333333333333,0.6666666666666666,3.2142857142857144,4.428571428571429,0,,54.55529315250213,110,strong
Jarred Kelenic,jarred kelenic,CWS,8,8,4,0.5,0.4686521443158611,0.0,0.5,2.125,7.0,0,,54.55187658459898,113,usable
Isiah Kiner-Falefa,isiah kiner-falefa,BOS,17,14,7,0.5,0.4758862648583547,0.17647058823529413,0.5882352941176471,2.642857142857143,7.588235294117647,0,,54.44587687414245,110,strong
Samuel Basallo,samuel basallo,BAL,17,14,7,0.5,0.4758862648583547,0.17647058823529413,0.5882352941176471,2.2857142857142856,5.0,0,,54.44587687414245,110,strong
Jonny DeLuca,jonny deluca,TB,17,16,7,0.4375,0.4418943887970436,0.058823529411764705,0.47058823529411764,2.5,5.0588235294117645,0,,54.299630444481934,126,strong
Sam Antonacci,sam antonacci,CWS,30,23,10,0.43478260869565216,0.43922979675192064,0.23333333333333334,0.5666666666666667,3.0,2.3448275862068964,18,0.5555555555555556,54.27297967519207,128,strong
Victor Mesa Jr.,victor mesa,TB,11,9,5,0.5555555555555556,0.49395442315796295,0.18181818181818182,0.6363636363636364,2.6666666666666665,5.818181818181818,0,,54.259377196081886,102,usable
Casey Schmitt,casey schmitt,SF,19,14,7,0.5,0.4758862648583547,0.2631578947368421,0.631578947368421,3.142857142857143,2.8421052631578947,2,0.5,54.20441595951968,110,strong
Taylor Ward,taylor ward,BAL,19,14,7,0.5,0.4758862648583547,0.2631578947368421,0.631578947368421,3.7142857142857144,1.105263157894737,13,0.46153846153846156,54.20441595951968,110,strong
Leo Jiménez,leo jimenez,MIA,11,11,5,0.45454545454545453,0.4510018646224879,0.0,0.45454545454545453,2.090909090909091,6.3,0,,54.13684861526166,122,usable
Ramón Laureano,ramon laureano,SD,14,13,6,0.46153846153846156,0.4549217154526889,0.07142857142857142,0.5,2.6153846153846154,6.928571428571429,0,,54.000262269710326,120,strong
Matt Chapman,matt chapman,SF,18,14,7,0.5,0.4758862648583547,0.2222222222222222,0.6111111111111112,3.4285714285714284,5.166666666666667,1,0.0,53.99973759694658,110,strong
Miguel Andujar,miguel andujar,SD,18,14,7,0.5,0.4758862648583547,0.2222222222222222,0.6111111111111112,3.0,3.6470588235294117,0,,53.99973759694658,110,strong
Bryan Torres,bryan torres,STL,12,7,4,0.5714285714285714,0.49331804664827483,0.4166666666666667,0.75,2.7142857142857144,6.833333333333333,0,,53.98180466482748,103,usable
Salvador Perez,salvador perez,KC,21,19,8,0.42105263157894735,0.43138848020378134,0.09523809523809523,0.47619047619047616,3.1052631578947367,4.0476190476190474,0,,53.87074826862909,132,strong
Chase DeLauter,chase delauter,CLE,25,22,9,0.4090909090909091,0.4227365554799183,0.12,0.48,3.272727272727273,2.96,0,,53.86031770100469,137,strong
Fernando Tatis Jr.,fernando tatis,SD,22,17,8,0.47058823529411764,0.46113940987300767,0.22727272727272727,0.5909090909090909,3.3529411764705883,1.1363636363636365,14,0.5714285714285714,53.763940987300764,117,strong
Jorge Soler,jorge soler,LAA,22,17,8,0.47058823529411764,0.46113940987300767,0.22727272727272727,0.5909090909090909,2.9411764705882355,4.0,0,,53.763940987300764,117,strong
Mauricio Dubón,mauricio dubon,ATL,22,17,8,0.47058823529411764,0.46113940987300767,0.22727272727272727,0.5909090909090909,3.235294117647059,4.045454545454546,2,0.0,53.763940987300764,117,strong
Nathan Church,nathan church,STL,11,7,4,0.5714285714285714,0.49331804664827483,0.36363636363636365,0.7272727272727273,2.857142857142857,7.454545454545454,0,,53.75453193755475,103,usable
Colson Montgomery,colson montgomery,CWS,30,24,10,0.4166666666666667,0.42702896906436727,0.2,0.5333333333333333,3.0416666666666665,4.1,0,,53.5895590594496,134,strong
Brendan Donovan,brendan donovan,SEA,2,1,1,1.0,0.4902340681782479,0.5,1.0,4.0,1.0,1,1.0,53.47340681782479,104,thin
Joshua Kuroda-Grauer,joshua kuroda-grauer,ATH,3,1,1,1.0,0.4902340681782479,0.6666666666666666,1.0,2.0,5.666666666666667,0,,53.47340681782479,104,thin
Luis Robert Jr.,luis robert,NYM,2,1,1,1.0,0.4902340681782479,0.5,1.0,3.0,4.0,0,,53.47340681782479,104,thin
Tsung-Che Cheng,tsung-che cheng,BOS,2,1,1,1.0,0.4902340681782479,0.5,1.0,3.0,9.0,0,,53.47340681782479,104,thin
Leody Taveras,leody taveras,BAL,18,12,6,0.5,0.4738767869298843,0.3333333333333333,0.6666666666666666,2.5,6.294117647058823,0,,53.45434535965509,111,strong
Marcelo Mayer,marcelo mayer,BOS,18,18,7,0.3888888888888889,0.41243476287724073,0.0,0.3888888888888889,2.2222222222222223,7.166666666666667,0,,53.43013844073694,142,strong
Mickey Gasper,mickey gasper,BOS,18,15,7,0.4666666666666667,0.4582608476413786,0.16666666666666666,0.5555555555555556,2.1333333333333333,4.642857142857143,0,,53.32941358381739,118,strong
Francisco Lindor,francisco lindor,NYM,6,6,3,0.5,0.4651690492398457,0.0,0.5,3.8333333333333335,2.8333333333333335,1,1.0,53.30356707699744,115,usable
Heliot Ramos,heliot ramos,SF,6,6,3,0.5,0.4651690492398457,0.0,0.5,2.8333333333333335,3.6666666666666665,1,1.0,53.30356707699744,115,usable
Thomas Saggese,thomas saggese,STL,6,6,3,0.5,0.4651690492398457,0.0,0.5,1.1666666666666667,6.833333333333333,0,,53.30356707699744,115,usable
Tim Tawa,tim tawa,AZ,6,6,3,0.5,0.4651690492398457,0.0,0.5,2.1666666666666665,8.0,0,,53.30356707699744,115,usable
Willi Castro,willi castro,COL,17,12,6,0.5,0.4738767869298843,0.29411764705882354,0.6470588235294118,2.8333333333333335,3.823529411764706,4,0.75,53.258266928282545,111,strong
Rikuu Nishida,rikuu nishida,CWS,9,7,4,0.5714285714285714,0.49331804664827483,0.2222222222222222,0.6666666666666666,2.0,8.666666666666666,0,,53.14847133149414,103,usable
Taylor Trammell,taylor trammell,HOU,9,7,4,0.5714285714285714,0.49331804664827483,0.2222222222222222,0.6666666666666666,2.4285714285714284,5.111111111111111,0,,53.14847133149414,103,usable
Manny Machado,manny machado,SD,22,18,8,0.4444444444444444,0.44576809621057406,0.18181818181818182,0.5454545454545454,3.1666666666666665,3.590909090909091,0,,53.127108137706635,124,strong
Wilyer Abreu,wilyer abreu,BOS,22,18,8,0.4444444444444444,0.44576809621057406,0.18181818181818182,0.5454545454545454,3.4444444444444446,3.0,0,,53.127108137706635,124,strong
Justin Crawford,justin crawford,PHI,22,20,8,0.4,0.4179075901974132,0.09090909090909091,0.45454545454545453,2.35,8.545454545454545,0,,53.05923935457236,139,strong
Seiya Suzuki,seiya suzuki,CHC,22,20,8,0.4,0.4179075901974132,0.09090909090909091,0.45454545454545453,3.15,4.681818181818182,0,,53.05923935457236,139,strong
Brandon Nimmo,brandon nimmo,TEX,22,19,8,0.42105263157894735,0.43138848020378134,0.13636363636363635,0.5,3.210526315789474,3.0,0,,53.048237446118264,132,strong
Brayan Rocchio,brayan rocchio,CLE,28,21,9,0.42857142857142855,0.4355467541308249,0.25,0.5714285714285714,2.9047619047619047,7.035714285714286,0,,53.004675413082495,130,strong
Denzer Guzman,denzer guzman,LAA,8,5,3,0.6,0.49253193448924837,0.375,0.75,3.0,4.625,0,,53.00319344892484,103,usable
Ezequiel Duran,ezequiel duran,TEX,22,15,7,0.4666666666666667,0.4582608476413786,0.3181818181818182,0.6363636363636364,3.066666666666667,4.909090909090909,0,,52.93972112777423,118,strong
Jose Altuve,jose altuve,HOU,6,5,3,0.6,0.49253193448924837,0.16666666666666666,0.6666666666666666,2.6,3.8333333333333335,0,,52.923188935271035,103,usable
Ryan Ward,ryan ward,LAD,6,5,3,0.6,0.49253193448924837,0.16666666666666666,0.6666666666666666,1.8,5.666666666666667,0,,52.923188935271035,103,usable
Aaron Judge,aaron judge,NYY,15,13,6,0.46153846153846156,0.4549217154526889,0.13333333333333333,0.5333333333333333,3.4615384615384617,2.533333333333333,0,,52.762167031615085,120,strong
Kyle Isbel,kyle isbel,KC,15,13,6,0.46153846153846156,0.4549217154526889,0.13333333333333333,0.5333333333333333,2.3846153846153846,9.0,0,,52.762167031615085,120,strong
Sterlin Thompson,sterlin thompson,COL,12,12,5,0.4166666666666667,0.4322101202632176,0.0,0.4166666666666667,2.0,6.916666666666667,1,1.0,52.707674179334624,131,strong
Kyle Manzardo,kyle manzardo,CLE,23,18,8,0.4444444444444444,0.44576809621057406,0.21739130434782608,0.5652173913043478,2.888888888888889,4.391304347826087,0,,52.67680962105741,124,strong
Masataka Yoshida,masataka yoshida,BOS,19,15,7,0.4666666666666667,0.4582608476413786,0.21052631578947367,0.5789473684210527,2.2,4.823529411764706,1,1.0,52.57608476413786,118,strong
Blaze Jordan,blaze jordan,STL,5,3,2,0.6666666666666666,0.49153619242114815,0.4,0.8,2.6666666666666665,7.0,0,,52.503619242114816,103,thin
Tommy Edman,tommy edman,LAD,5,3,2,0.6666666666666666,0.49153619242114815,0.4,0.8,3.3333333333333335,6.0,0,,52.503619242114816,103,thin
Garrett Mitchell,garrett mitchell,MIL,15,10,5,0.5,0.47150194937805556,0.3333333333333333,0.6666666666666666,2.3,5.933333333333334,0,,52.31686160447222,112,usable
Heriberto Hernández,heriberto hernandez,MIA,15,10,5,0.5,0.47150194937805556,0.3333333333333333,0.6666666666666666,2.6,4.666666666666667,1,1.0,52.31686160447222,112,usable
Vladimir Guerrero Jr.,vladimir guerrero,TOR,23,19,8,0.42105263157894735,0.43138848020378134,0.17391304347826086,0.5217391304347826,3.263157894736842,2.608695652173913,0,,52.29724930382578,132,strong
Ryan O'Hearn,ryan o'hearn,PIT,14,10,5,0.5,0.47150194937805556,0.2857142857142857,0.6428571428571429,3.0,4.642857142857143,0,,52.07876636637699,112,usable
Alejandro Kirk,alejandro kirk,TOR,4,3,2,0.6666666666666666,0.49153619242114815,0.25,0.75,3.6666666666666665,4.5,0,,52.003619242114816,103,thin
Jake Cronenworth,jake cronenworth,SD,4,3,2,0.6666666666666666,0.49153619242114815,0.25,0.75,3.6666666666666665,3.75,0,,52.003619242114816,103,thin
Wyatt Langford,wyatt langford,TEX,4,3,2,0.6666666666666666,0.49153619242114815,0.25,0.75,3.6666666666666665,1.75,1,1.0,52.003619242114816,103,thin
Edwin Arroyo,edwin arroyo,CIN,4,4,2,0.5,0.4608151803948264,0.0,0.5,2.75,8.5,0,,51.9681801924955,117,thin
Josh Smith,josh smith,TEX,4,4,2,0.5,0.4608151803948264,0.0,0.5,2.5,5.75,0,,51.9681801924955,117,thin
Dalton Rushing,dalton rushing,LAD,16,16,6,0.375,0.4061801030827579,0.0,0.375,2.5625,7.133333333333334,0,,51.90467246128866,146,strong
Joey Ortiz,joey ortiz,MIL,16,15,6,0.4,0.42122381060434155,0.0625,0.4375,2.1333333333333333,7.875,0,,51.709043213447025,137,strong
Dominic Canzone,dominic canzone,SEA,25,19,8,0.42105263157894735,0.43138848020378134,0.24,0.56,2.3157894736842106,5.4,0,,51.68884802037813,132,strong
Steven Kwan,steven kwan,CLE,24,16,7,0.4375,0.4418943887970436,0.3333333333333333,0.625,2.9375,5.375,5,0.4,51.639438879704365,126,strong
Kyle Tucker,kyle tucker,LAD,24,21,8,0.38095238095238093,0.4052437238277946,0.125,0.4583333333333333,3.3333333333333335,4.958333333333333,0,,51.56103453579233,147,strong
Andrés Giménez,andres gimenez,TOR,24,20,8,0.4,0.4179075901974132,0.16666666666666666,0.5,2.6,7.541666666666667,0,,51.54408783942085,139,strong
Jacob Young,jacob young,WSH,20,16,7,0.4375,0.4418943887970436,0.2,0.55,2.5,6.95,0,,51.47610103271723,126,strong
Sal Stewart,sal stewart,CIN,20,16,7,0.4375,0.4418943887970436,0.2,0.55,3.375,3.55,0,,51.47610103271723,126,strong
Cam Smith,cam smith,HOU,18,13,6,0.46153846153846156,0.4549217154526889,0.2777777777777778,0.6111111111111112,2.6153846153846154,6.444444444444445,0,,51.453282656380004,120,strong
Trevor Larnach,trevor larnach,MIN,20,17,7,0.4117647058823529,0.426656651252318,0.15,0.5,2.4705882352941178,3.789473684210526,2,1.0,51.40232727824466,134,strong
Randal Grichuk,randal grichuk,CWS,21,16,7,0.4375,0.4418943887970436,0.23809523809523808,0.5714285714285714,1.5,4.166666666666667,2,0.5,51.389438879704365,126,strong
Yohendrick Piñango,yohendrick pinango,TOR,21,16,7,0.4375,0.4418943887970436,0.23809523809523808,0.5714285714285714,2.25,5.0476190476190474,1,0.0,51.389438879704365,126,strong
Dane Myers,dane myers,CIN,13,8,4,0.5,0.4686521443158611,0.38461538461538464,0.6923076923076923,2.0,4.833333333333333,4,1.0,51.38829135466303,113,usable
Hunter Goodman,hunter goodman,COL,17,13,6,0.46153846153846156,0.4549217154526889,0.23529411764705882,0.5882352941176471,3.1538461538461537,3.1176470588235294,0,,51.34217154526889,120,strong
Oneil Cruz,oneil cruz,PIT,17,13,6,0.46153846153846156,0.4549217154526889,0.23529411764705882,0.5882352941176471,3.230769230769231,3.7058823529411766,5,0.6,51.34217154526889,120,strong
Andruw Monasterio,andruw monasterio,BOS,13,11,5,0.45454545454545453,0.4510018646224879,0.15384615384615385,0.5384615384615384,2.1818181818181817,6.25,0,,51.05992553833858,122,usable
Harrison Bader,harrison bader,SF,13,11,5,0.45454545454545453,0.4510018646224879,0.15384615384615385,0.5384615384615384,2.727272727272727,7.0,2,0.5,51.05992553833858,122,usable
J.P. Crawford,jp crawford,SEA,25,22,8,0.36363636363636365,0.3933247907740359,0.12,0.44,3.227272727272727,1.84,18,0.3888888888888889,50.91914123041645,154,strong
Jhostynxon Garcia,jhostynxon garcia,PIT,10,9,4,0.4444444444444444,0.44633537553891534,0.1,0.5,2.111111111111111,6.5,0,,50.7701997069044,124,usable
Adley Rutschman,adley rutschman,BAL,17,16,6,0.375,0.4061801030827579,0.058823529411764705,0.4117647058823529,3.5625,3.0,0,,50.728201873053365,146,strong
Justin Foscue,justin foscue,TEX,17,16,6,0.375,0.4061801030827579,0.058823529411764705,0.4117647058823529,2.125,5.529411764705882,2,0.0,50.728201873053365,146,strong
Jose Siri,jose siri,LAA,17,15,6,0.4,0.42122381060434155,0.11764705882352941,0.47058823529411764,1.6,6.9411764705882355,0,,50.60610203697643,137,strong
Drew Gilbert,drew gilbert,SF,17,14,6,0.42857142857142855,0.43742472639681623,0.17647058823529413,0.5294117647058824,2.2142857142857144,7.9411764705882355,0,,50.5997230279886,129,strong
Sal Frelick,sal frelick,MIL,17,14,6,0.42857142857142855,0.43742472639681623,0.17647058823529413,0.5294117647058824,2.5,7.235294117647059,0,,50.5997230279886,129,strong
Jac Caglianone,jac caglianone,KC,21,17,7,0.4117647058823529,0.426656651252318,0.19047619047619047,0.5238095238095238,2.8823529411764706,5.238095238095238,0,,50.59280346872085,134,strong
Jake Mangum,jake mangum,PIT,21,17,7,0.4117647058823529,0.426656651252318,0.19047619047619047,0.5238095238095238,2.764705882352941,5.666666666666667,6,0.5,50.59280346872085,134,strong
Taylor Walls,taylor walls,TB,21,17,7,0.4117647058823529,0.426656651252318,0.19047619047619047,0.5238095238095238,2.588235294117647,8.428571428571429,0,,50.59280346872085,134,strong
Dominic Smith,dominic smith,ATL,21,18,7,0.3888888888888889,0.41243476287724073,0.14285714285714285,0.47619047619047616,1.8333333333333333,6.133333333333334,0,,50.57299558359408,142,strong
Ildemaro Vargas,ildemaro vargas,AZ,21,18,7,0.3888888888888889,0.41243476287724073,0.14285714285714285,0.47619047619047616,2.888888888888889,5.571428571428571,1,1.0,50.57299558359408,142,strong
Jhonny Pereda,jhonny pereda,SEA,10,8,4,0.5,0.4686521443158611,0.2,0.6,2.875,8.3,0,,50.55187658459898,113,usable
Angel Genao,angel genao,CLE,2,2,1,0.5,0.4552173490226587,0.0,0.5,3.0,9.0,0,,50.508397055278735,120,thin
Austin Slater,austin slater,NYM,2,2,1,0.5,0.4552173490226587,0.0,0.5,3.0,4.5,0,,50.508397055278735,120,thin
Austin Wynns,austin wynns,TEX,2,2,1,0.5,0.4552173490226587,0.0,0.5,2.5,8.5,0,,50.508397055278735,120,thin
Dylan Beavers,dylan beavers,BAL,2,2,1,0.5,0.4552173490226587,0.0,0.5,2.5,1.0,2,0.5,50.508397055278735,120,thin
Eduardo Valencia,eduardo valencia,DET,2,2,1,0.5,0.4552173490226587,0.0,0.5,1.5,6.0,0,,50.508397055278735,120,thin
John Rave,john rave,KC,2,2,1,0.5,0.4552173490226587,0.0,0.5,2.0,7.0,0,,50.508397055278735,120,thin
Jose Trevino,jose trevino,CIN,2,2,1,0.5,0.4552173490226587,0.0,0.5,2.0,8.0,0,,50.508397055278735,120,thin
LuJames Groover,lujames groover,AZ,2,2,1,0.5,0.4552173490226587,0.0,0.5,3.5,8.0,0,,50.508397055278735,120,thin
Yainer Diaz,yainer diaz,HOU,2,2,1,0.5,0.4552173490226587,0.0,0.5,2.5,6.5,0,,50.508397055278735,120,thin
Donovan Walton,donovan walton,LAA,11,6,3,0.5,0.4651690492398457,0.45454545454545453,0.7272727272727273,3.1666666666666665,8.181818181818182,0,,50.489632196711845,115,usable
Royce Lewis,royce lewis,MIN,7,6,3,0.5,0.4651690492398457,0.14285714285714285,0.5714285714285714,3.0,6.142857142857143,0,,50.44642421985458,115,usable
Jakob Marsee,jakob marsee,MIA,23,17,7,0.4117647058823529,0.426656651252318,0.2608695652173913,0.5652173913043478,2.823529411764706,6.043478260869565,0,,50.315665125231796,134,strong
Alejandro Osuna,alejandro osuna,TEX,19,14,6,0.42857142857142855,0.43742472639681623,0.2631578947368421,0.5789473684210527,2.4285714285714284,5.105263157894737,0,,50.04247263968162,129,strong
Angel Martínez,angel martinez,CLE,20,14,6,0.42857142857142855,0.43742472639681623,0.3,0.6,3.0,4.95,3,0.6666666666666666,50.04247263968162,129,strong
Mark Vientos,mark vientos,NYM,18,14,6,0.42857142857142855,0.43742472639681623,0.2222222222222222,0.5555555555555556,2.7142857142857144,4.277777777777778,0,,50.04247263968162,129,strong
Daniel Schneemann,daniel schneemann,CLE,18,17,6,0.35294117647058826,0.39217389263162833,0.05555555555555555,0.3888888888888889,2.5294117647058822,4.777777777777778,4,0.25,49.84294030506459,155,strong
Vaughn Grissom,vaughn grissom,LAA,22,18,7,0.3888888888888889,0.41243476287724073,0.18181818181818182,0.5,3.0,3.409090909090909,1,0.0,49.7937748043733,142,strong
Ke'Bryan Hayes,ke'bryan hayes,CIN,5,5,2,0.4,0.43370840507748365,0.0,0.4,2.6,9.0,0,,49.70750266076123,131,usable
Pedro Ramírez,pedro ramirez,CHC,8,4,2,0.5,0.4608151803948264,0.5,0.75,1.5,6.666666666666667,0,,49.381518039482636,117,thin
Paul Goldschmidt,paul goldschmidt,NYY,26,18,7,0.3888888888888889,0.41243476287724073,0.3076923076923077,0.5769230769230769,2.4444444444444446,3.5652173913043477,4,0.75,49.34347628772407,142,strong
Jonah Heim,jonah heim,ATH,11,9,4,0.4444444444444444,0.44633537553891534,0.18181818181818182,0.5454545454545454,2.6666666666666665,5.363636363636363,0,,49.13383607054076,124,usable
Kyle Higashioka,kyle higashioka,TEX,11,9,4,0.4444444444444444,0.44633537553891534,0.18181818181818182,0.5454545454545454,2.2222222222222223,7.0,1,0.0,49.13383607054076,124,usable
Rhys Hoskins,rhys hoskins,CLE,23,19,7,0.3684210526315789,0.39913041568765234,0.17391304347826086,0.4782608695652174,2.3684210526315788,4.428571428571429,0,,49.07144285221288,151,strong
Mitch Garver,mitch garver,SEA,15,14,5,0.35714285714285715,0.3989631879352778,0.06666666666666667,0.4,2.2857142857142856,7.571428571428571,0,,48.94964761320731,151,strong
JJ Bleday,jj bleday,CIN,20,15,6,0.4,0.42122381060434155,0.25,0.55,3.466666666666667,3.5,1,0.0,48.87238106043416,137,strong
Mike Trout,mike trout,LAA,22,15,6,0.4,0.42122381060434155,0.3181818181818182,0.5909090909090909,3.533333333333333,2.0,0,,48.87238106043416,137,strong
Endy Rodríguez,endy rodriguez,PIT,15,13,5,0.38461538461538464,0.4149217154526889,0.13333333333333333,0.4666666666666667,2.4615384615384617,7.133333333333334,0,,48.762167031615085,141,strong
Matt McLain,matt mclain,CIN,15,13,5,0.38461538461538464,0.4149217154526889,0.13333333333333333,0.4666666666666667,2.8461538461538463,6.066666666666666,3,0.3333333333333333,48.762167031615085,141,strong
Patrick Bailey,patrick bailey,CLE,15,13,5,0.38461538461538464,0.4149217154526889,0.13333333333333333,0.4666666666666667,2.3846153846153846,8.066666666666666,0,,48.762167031615085,141,strong
Luisangel Acuña,luisangel acuna,CWS,15,12,5,0.4166666666666667,0.4322101202632176,0.2,0.5333333333333333,1.9166666666666667,7.285714285714286,1,0.0,48.707674179334624,131,strong
Tyler O'Neill,tyler o'neill,BAL,15,12,5,0.4166666666666667,0.4322101202632176,0.2,0.5333333333333333,2.1666666666666665,6.285714285714286,0,,48.707674179334624,131,strong
Tyler Stephenson,tyler stephenson,CIN,15,12,5,0.4166666666666667,0.4322101202632176,0.2,0.5333333333333333,2.6666666666666665,7.533333333333333,0,,48.707674179334624,131,strong
Carlos Narváez,carlos narvaez,BOS,12,9,4,0.4444444444444444,0.44633537553891534,0.25,0.5833333333333334,2.6666666666666665,7.916666666666667,0,,48.68353755389153,124,usable
Ben Williamson,ben williamson,TB,17,12,5,0.4166666666666667,0.4322101202632176,0.29411764705882354,0.5882352941176471,2.0833333333333335,6.6875,0,,48.62101202632176,131,strong
Caleb Durbin,caleb durbin,BOS,17,12,5,0.4166666666666667,0.4322101202632176,0.29411764705882354,0.5882352941176471,2.25,7.764705882352941,0,,48.62101202632176,131,strong
Ryan Waldschmidt,ryan waldschmidt,AZ,17,12,5,0.4166666666666667,0.4322101202632176,0.29411764705882354,0.5882352941176471,3.0833333333333335,7.470588235294118,0,,48.62101202632176,131,strong
Danny Jansen,danny jansen,TEX,12,12,4,0.3333333333333333,0.3905434535965509,0.0,0.3333333333333333,2.5833333333333335,6.909090909090909,1,0.0,48.54100751266795,156,strong
Austin Martin,austin martin,MIN,20,19,6,0.3157894736842105,0.3668723511715233,0.05,0.35,2.8421052631578947,3.4,8,0.375,48.32389727016519,173,strong
Davis Schneider,davis schneider,TOR,9,9,3,0.3333333333333333,0.3987163279198677,0.0,0.3333333333333333,1.6666666666666667,7.25,0,,48.00829494499963,151,usable
Lenyn Sosa,lenyn sosa,TOR,9,9,3,0.3333333333333333,0.3987163279198677,0.0,0.3333333333333333,1.8888888888888888,6.333333333333333,0,,48.00829494499963,151,usable
Drew Romo,drew romo,CWS,16,15,5,0.3333333333333333,0.3841867735673045,0.0625,0.375,2.533333333333333,8.625,0,,48.005339509743315,160,strong
Edmundo Sosa,edmundo sosa,PHI,16,15,5,0.3333333333333333,0.3841867735673045,0.0625,0.375,2.2666666666666666,7.066666666666666,0,,48.005339509743315,160,strong
P.J. Higgins,pj higgins,CIN,5,4,2,0.5,0.4608151803948264,0.2,0.6,2.25,8.6,0,,47.9681801924955,117,thin
Xander Bogaerts,xander bogaerts,SD,20,17,6,0.35294117647058826,0.39217389263162833,0.15,0.45,2.8823529411764706,4.85,1,0.0,47.9540514161757,155,strong
Elias Díaz,elias diaz,KC,3,3,1,0.3333333333333333,0.4248695257544815,0.0,0.3333333333333333,2.3333333333333335,8.333333333333334,0,,47.92361472846102,135,thin
Everson Pereira,everson pereira,CWS,3,3,1,0.3333333333333333,0.4248695257544815,0.0,0.3333333333333333,1.3333333333333333,3.6666666666666665,1,0.0,47.92361472846102,135,thin
Joey Loperfido,joey loperfido,HOU,3,3,1,0.3333333333333333,0.4248695257544815,0.0,0.3333333333333333,3.0,6.666666666666667,0,,47.92361472846102,135,thin
Steward Berroa,steward berroa,PHI,3,3,1,0.3333333333333333,0.4248695257544815,0.0,0.3333333333333333,1.3333333333333333,8.666666666666666,0,,47.92361472846102,135,thin
Yoán Moncada,yoan moncada,LAA,3,3,1,0.3333333333333333,0.4248695257544815,0.0,0.3333333333333333,1.3333333333333333,5.0,0,,47.92361472846102,135,thin
Victor Caratini,victor caratini,MIN,16,14,5,0.35714285714285715,0.3989631879352778,0.125,0.4375,2.642857142857143,6.125,0,,47.78298094654065,151,strong
Spencer Torkelson,spencer torkelson,DET,25,20,7,0.35,0.3866575901974132,0.2,0.48,2.7,5.72,0,,47.75242117275418,159,strong
Hayden Senger,hayden senger,NYM,6,6,2,0.3333333333333333,0.4096134936842901,0.0,0.3333333333333333,1.5,9.0,0,,47.74801152144188,144,usable
Sebastián Rivero,sebastian rivero,LAA,6,6,2,0.3333333333333333,0.4096134936842901,0.0,0.3333333333333333,2.1666666666666665,8.166666666666666,0,,47.74801152144188,144,usable
Will Brennan,will brennan,SF,6,6,2,0.3333333333333333,0.4096134936842901,0.0,0.3333333333333333,1.3333333333333333,5.833333333333333,2,0.5,47.74801152144188,144,usable
Christian Vázquez,christian vazquez,HOU,16,13,5,0.38461538461538464,0.4149217154526889,0.1875,0.5,2.0,8.5,0,,47.67883369828176,141,strong
Derek Hill,derek hill,CWS,16,13,5,0.38461538461538464,0.4149217154526889,0.1875,0.5,1.5384615384615385,6.8125,0,,47.67883369828176,141,strong
Austin Wells,austin wells,NYY,21,19,6,0.3157894736842105,0.3668723511715233,0.09523809523809523,0.38095238095238093,2.3684210526315788,8.80952380952381,0,,47.419135365403285,173,strong
Josh Jung,josh jung,TEX,16,10,4,0.4,0.4260474039235101,0.375,0.625,3.3,3.0625,0,,47.35474039235101,135,usable
Darell Hernaiz,darell hernaiz,ATH,17,13,5,0.38461538461538464,0.4149217154526889,0.23529411764705882,0.5294117647058824,2.3846153846153846,8.764705882352942,0,,47.34217154526889,141,strong
Jake McCarthy,jake mccarthy,COL,18,13,5,0.38461538461538464,0.4149217154526889,0.2777777777777778,0.5555555555555556,3.230769230769231,3.888888888888889,7,0.42857142857142855,47.34217154526889,141,strong
Michael Massey,michael massey,KC,18,13,5,0.38461538461538464,0.4149217154526889,0.2777777777777778,0.5555555555555556,2.1538461538461537,7.222222222222222,0,,47.34217154526889,141,strong
Nasim Nuñez,nasim nunez,WSH,21,18,6,0.3333333333333333,0.3791014295439074,0.14285714285714285,0.42857142857142855,2.5,7.9523809523809526,0,,47.23966225026075,164,strong
Dansby Swanson,dansby swanson,CHC,21,17,6,0.35294117647058826,0.39217389263162833,0.19047619047619047,0.47619047619047616,2.823529411764706,8.571428571428571,0,,47.14452760665189,155,strong
Lars Nootbaar,lars nootbaar,STL,3,2,1,0.5,0.4552173490226587,0.3333333333333333,0.6666666666666666,2.5,6.0,0,,47.08840156893253,120,thin
Nick Fortes,nick fortes,TB,24,17,6,0.35294117647058826,0.39217389263162833,0.2916666666666667,0.5416666666666666,2.235294117647059,7.625,0,,46.867389263162835,155,strong
Hao-Yu  Lee,hao-yu lee,DET,17,14,5,0.35714285714285715,0.3989631879352778,0.17647058823529413,0.47058823529411764,1.8571428571428572,6.823529411764706,1,0.0,46.75356918183476,151,strong
Henry Davis,henry davis,PIT,17,14,5,0.35714285714285715,0.3989631879352778,0.17647058823529413,0.47058823529411764,2.4285714285714284,8.823529411764707,0,,46.75356918183476,151,strong
Wenceel Pérez,wenceel perez,DET,17,14,5,0.35714285714285715,0.3989631879352778,0.17647058823529413,0.47058823529411764,2.642857142857143,7.294117647058823,0,,46.75356918183476,151,strong
Adrian Del Castillo,adrian del castillo,AZ,13,11,4,0.36363636363636365,0.4075236037529227,0.15384615384615385,0.46153846153846156,2.1818181818181817,6.166666666666667,0,,46.71209945138206,145,usable
Braxton Fulford,braxton fulford,COL,10,10,3,0.3,0.3805928584689646,0.0,0.3,1.2,7.0,0,,46.64594799990933,163,usable
Brady House,brady house,WSH,6,5,2,0.4,0.43370840507748365,0.16666666666666666,0.5,2.8,4.333333333333333,0,,46.37416932742789,131,usable
José Azócar,jose azocar,ATL,6,5,2,0.4,0.43370840507748365,0.16666666666666666,0.5,0.8,7.833333333333333,0,,46.37416932742789,131,usable
Nelson Velázquez,nelson velazquez,STL,6,5,2,0.4,0.43370840507748365,0.16666666666666666,0.5,2.8,4.666666666666667,0,,46.37416932742789,131,usable
Orlando Arcia,orlando arcia,MIN,9,5,2,0.4,0.43370840507748365,0.4444444444444444,0.6666666666666666,2.0,6.0,1,0.0,46.287507174415026,131,usable
Mike Yastrzemski,mike yastrzemski,ATL,19,14,5,0.35714285714285715,0.3989631879352778,0.2631578947368421,0.5263157894736842,1.9285714285714286,7.705882352941177,0,,46.19631879352778,151,strong
Ryan Vilade,ryan vilade,TB,18,14,5,0.35714285714285715,0.3989631879352778,0.2222222222222222,0.5,2.642857142857143,4.470588235294118,0,,46.19631879352778,151,strong
Javier Sanoja,javier sanoja,MIA,18,16,5,0.3125,0.37046581736847223,0.1111111111111111,0.3888888888888889,2.5625,7.777777777777778,0,,46.11102166763787,170,strong
Jimmy Crooks,jimmy crooks,STL,7,7,2,0.2857142857142857,0.388054888753538,0.0,0.2857142857142857,1.2857142857142858,6.857142857142857,0,,46.04215102836667,158,usable
Rodolfo Durán,rodolfo duran,SD,7,7,2,0.2857142857142857,0.388054888753538,0.0,0.2857142857142857,2.2857142857142856,9.0,0,,46.04215102836667,158,usable
Zach McKinstry,zach mckinstry,DET,23,20,6,0.3,0.3554075901974132,0.13043478260869565,0.391304347826087,2.4,6.956521739130435,1,0.0,46.01872552058027,181,strong
Colt Emerson,colt emerson,SEA,26,18,6,0.3333333333333333,0.3791014295439074,0.3076923076923077,0.5384615384615384,2.611111111111111,8.73076923076923,0,,46.010142954390744,164,strong
Bryce Eldridge,bryce eldridge,SF,14,8,3,0.375,0.4186521443158611,0.42857142857142855,0.6428571428571429,2.625,6.857142857142857,0,,45.89378586015754,139,usable
Andrew Velazquez,andrew velazquez,KC,1,1,0,0.0,0.41331099125517096,0.0,0.0,1.0,9.0,0,,45.86776127852997,142,thin
Ben Malgeri,ben malgeri,DET,1,1,0,0.0,0.41331099125517096,0.0,0.0,3.0,7.0,0,,45.86776127852997,142,thin
Bryan De La Cruz,bryan de la cruz,PHI,1,1,0,0.0,0.41331099125517096,0.0,0.0,3.0,5.0,0,,45.86776127852997,142,thin
Bryce Teodosio,bryce teodosio,LAA,1,1,0,0.0,0.41331099125517096,0.0,0.0,1.0,7.0,0,,45.86776127852997,142,thin
Buddy Kennedy,buddy kennedy,SF,1,1,0,0.0,0.41331099125517096,0.0,0.0,0.0,4.0,0,,45.86776127852997,142,thin
Christian Moore,christian moore,LAA,1,1,0,0.0,0.41331099125517096,0.0,0.0,0.0,9.0,0,,45.86776127852997,142,thin
Collin Price,collin price,HOU,1,1,0,0.0,0.41331099125517096,0.0,0.0,0.0,2.0,0,,45.86776127852997,142,thin
Davis Wendzel,davis wendzel,PIT,1,1,0,0.0,0.41331099125517096,0.0,0.0,3.0,6.0,0,,45.86776127852997,142,thin
Gleyber Torres,gleyber torres,DET,1,1,0,0.0,0.41331099125517096,0.0,0.0,3.0,3.0,0,,45.86776127852997,142,thin
Jake Fraley,jake fraley,TB,1,1,0,0.0,0.41331099125517096,0.0,0.0,2.0,5.0,0,,45.86776127852997,142,thin
Joey Meneses,joey meneses,ATH,1,1,0,0.0,0.41331099125517096,0.0,0.0,2.0,6.0,0,,45.86776127852997,142,thin
Jonatan Clase,jonatan clase,TOR,1,1,0,0.0,0.41331099125517096,0.0,0.0,2.0,8.0,0,,45.86776127852997,142,thin
Justin Dean,justin dean,CHC,1,1,0,0.0,0.41331099125517096,0.0,0.0,0.0,1.0,1,0.0,45.86776127852997,142,thin
Kameron Misner,kameron misner,KC,1,1,0,0.0,0.41331099125517096,0.0,0.0,3.0,8.0,0,,45.86776127852997,142,thin
Kyle Farmer,kyle farmer,ATL,1,1,0,0.0,0.41331099125517096,0.0,0.0,0.0,,0,,45.86776127852997,142,thin
Maverick Handley,maverick handley,BAL,1,1,0,0.0,0.41331099125517096,0.0,0.0,0.0,1.0,1,0.0,45.86776127852997,142,thin
Michael Stefanic,michael stefanic,ATH,1,1,0,0.0,0.41331099125517096,0.0,0.0,0.0,5.0,0,,45.86776127852997,142,thin
Nate Eaton,nate eaton,BOS,1,1,0,0.0,0.41331099125517096,0.0,0.0,0.0,6.0,0,,45.86776127852997,142,thin
Nick Yorke,nick yorke,PIT,1,1,0,0.0,0.41331099125517096,0.0,0.0,2.0,5.0,0,,45.86776127852997,142,thin
Romy Gonzalez,romy gonzalez,BOS,1,1,0,0.0,0.41331099125517096,0.0,0.0,3.0,6.0,0,,45.86776127852997,142,thin
Rowdy Tellez,rowdy tellez,ATL,1,1,0,0.0,0.41331099125517096,0.0,0.0,0.0,,0,,45.86776127852997,142,thin
Shay Whitcomb,shay whitcomb,HOU,1,1,0,0.0,0.41331099125517096,0.0,0.0,0.0,3.0,0,,45.86776127852997,142,thin
Trei Cruz,trei cruz,DET,1,1,0,0.0,0.41331099125517096,0.0,0.0,2.0,9.0,0,,45.86776127852997,142,thin
Trevor Story,trevor story,BOS,1,1,0,0.0,0.41331099125517096,0.0,0.0,3.0,6.0,0,,45.86776127852997,142,thin
Graham Pauley,graham pauley,MIA,4,4,1,0.25,0.3983151803948264,0.0,0.25,1.5,6.25,1,0.0,45.7181801924955,151,thin
Jorge Polanco,jorge polanco,NYM,4,4,1,0.25,0.3983151803948264,0.0,0.25,3.25,7.0,0,,45.7181801924955,151,thin
Junior Perez,junior perez,CWS,4,4,1,0.25,0.3983151803948264,0.0,0.25,1.25,7.0,0,,45.7181801924955,151,thin
Carson Kelly,carson kelly,CHC,16,11,4,0.36363636363636365,0.4075236037529227,0.3125,0.5625,2.3636363636363638,7.25,0,,45.70236037529227,145,usable
Jorge Mateo,jorge mateo,ATL,11,8,3,0.375,0.4186521443158611,0.2727272727272727,0.5454545454545454,1.125,6.666666666666667,0,,45.46521443158611,139,usable
Nicky Lopez,nicky lopez,TEX,11,8,3,0.375,0.4186521443158611,0.2727272727272727,0.5454545454545454,2.75,8.181818181818182,0,,45.46521443158611,139,usable
Starling Marte,starling marte,KC,11,11,3,0.2727272727272727,0.3640453428833575,0.0,0.2727272727272727,1.2727272727272727,5.0,2,0.0,45.441196441348616,175,usable
Austin Riley,austin riley,ATL,24,19,6,0.3157894736842105,0.3668723511715233,0.20833333333333334,0.4583333333333333,3.0,5.782608695652174,0,,45.23723511715232,173,strong
Anthony Volpe,anthony volpe,NYY,22,15,5,0.3333333333333333,0.3841867735673045,0.3181818181818182,0.5454545454545454,2.8,7.409090909090909,0,,45.16867735673045,160,strong
Brice Turang,brice turang,MIL,20,15,5,0.3333333333333333,0.3841867735673045,0.25,0.5,3.4,2.3,0,,45.16867735673045,160,strong
Ian Happ,ian happ,CHC,21,15,5,0.3333333333333333,0.3841867735673045,0.2857142857142857,0.5238095238095238,3.1333333333333333,4.476190476190476,0,,45.16867735673045,160,strong
Max Muncy,max muncy,LAD,23,15,5,0.3333333333333333,0.3841867735673045,0.34782608695652173,0.5652173913043478,2.8666666666666667,5.739130434782608,0,,45.16867735673045,160,strong
Owen Caissie,owen caissie,MIA,20,15,5,0.3333333333333333,0.3841867735673045,0.25,0.5,1.8,6.7,0,,45.16867735673045,160,strong
Esmerlyn Valdez,esmerlyn valdez,PIT,15,14,4,0.2857142857142857,0.3605016494737393,0.06666666666666667,0.3333333333333333,2.9285714285714284,5.733333333333333,0,,45.10349376705346,177,strong
Santiago Espinal,santiago espinal,LAD,7,3,1,0.3333333333333333,0.4248695257544815,0.5714285714285714,0.7142857142857143,2.0,7.142857142857143,0,,44.9798097183053,135,thin
Nick Loftin,nick loftin,KC,15,13,4,0.3076923076923077,0.3749217154526889,0.13333333333333333,0.4,2.769230769230769,6.533333333333333,0,,44.762167031615085,167,strong
Nolan Gorman,nolan gorman,STL,15,13,4,0.3076923076923077,0.3749217154526889,0.13333333333333333,0.4,2.4615384615384617,5.733333333333333,0,,44.762167031615085,167,strong
Luke Raley,luke raley,SEA,25,20,6,0.3,0.3554075901974132,0.2,0.44,1.95,5.6,0,,44.62742117275418,181,strong
Adam Frazier,adam frazier,LAA,8,8,2,0.25,0.36865214431586113,0.0,0.25,1.0,7.285714285714286,1,0.0,44.55187658459898,171,usable
Isaac Collins,isaac collins,KC,20,17,5,0.29411764705882354,0.3576911340109387,0.15,0.4,2.823529411764706,6.75,0,,44.505775554106734,180,strong
Brice Matthews,brice matthews,HOU,17,12,4,0.3333333333333333,0.3905434535965509,0.29411764705882354,0.5294117647058824,1.9166666666666667,4.9375,3,0.3333333333333333,44.454345359655086,156,strong
Carlos Cortes,carlos cortes,ATH,18,12,4,0.3333333333333333,0.3905434535965509,0.3333333333333333,0.5555555555555556,2.25,2.176470588235294,5,0.6,44.454345359655086,156,strong
Wade Meckler,wade meckler,LAA,18,12,4,0.3333333333333333,0.3905434535965509,0.3333333333333333,0.5555555555555556,2.0833333333333335,5.705882352941177,1,1.0,44.454345359655086,156,strong
A.J. Ewing,aj ewing,NYM,24,16,5,0.3125,0.37046581736847223,0.3333333333333333,0.5416666666666666,2.9375,5.208333333333333,3,0.3333333333333333,44.246581736847226,170,strong
Gunnar Henderson,gunnar henderson,BAL,21,16,5,0.3125,0.37046581736847223,0.23809523809523808,0.47619047619047616,3.375,2.0,2,0.5,44.246581736847226,170,strong
Blaze Alexander,blaze alexander,BAL,15,9,3,0.3333333333333333,0.3987163279198677,0.4,0.6,1.8888888888888888,8.357142857142858,0,,43.92163279198677,151,usable
Jacob Gonzalez,jacob gonzalez,CWS,12,9,3,0.3333333333333333,0.3987163279198677,0.25,0.5,2.3333333333333335,7.083333333333333,0,,43.92163279198677,151,usable
Nick Castellanos,nick castellanos,SD,12,9,3,0.3333333333333333,0.3987163279198677,0.25,0.5,1.8888888888888888,7.0,0,,43.92163279198677,151,usable
Tristan Gray,tristan gray,MIN,12,9,3,0.3333333333333333,0.3987163279198677,0.25,0.5,1.8888888888888888,7.916666666666667,0,,43.92163279198677,151,usable
Alex Jackson,alex jackson,MIN,4,3,1,0.3333333333333333,0.4248695257544815,0.25,0.5,2.3333333333333335,9.0,0,,43.83695257544815,135,thin
Brenton Doyle,brenton doyle,CWS,4,3,1,0.3333333333333333,0.4248695257544815,0.25,0.5,3.0,3.0,0,,43.83695257544815,135,thin
Bryce Johnson,bryce johnson,SD,4,3,1,0.3333333333333333,0.4248695257544815,0.25,0.5,2.3333333333333335,8.0,0,,43.83695257544815,135,thin
Griffin Conine,griffin conine,MIA,4,3,1,0.3333333333333333,0.4248695257544815,0.25,0.5,2.3333333333333335,6.0,0,,43.83695257544815,135,thin
Jim Jarvis,jim jarvis,ATL,4,3,1,0.3333333333333333,0.4248695257544815,0.25,0.5,2.3333333333333335,8.75,0,,43.83695257544815,135,thin
Max Kepler,max kepler,AZ,4,3,1,0.3333333333333333,0.4248695257544815,0.25,0.5,2.3333333333333335,6.0,0,,43.83695257544815,135,thin
Miles Mastrobuoni,miles mastrobuoni,SEA,4,3,1,0.3333333333333333,0.4248695257544815,0.25,0.5,2.0,7.75,0,,43.83695257544815,135,thin
Chadwick Tromp,chadwick tromp,ATL,12,11,3,0.2727272727272727,0.3640453428833575,0.08333333333333333,0.3333333333333333,1.3636363636363635,8.916666666666666,0,,43.774529774681945,175,usable
Ha-Seong Kim,ha-seong kim,ATL,12,11,3,0.2727272727272727,0.3640453428833575,0.08333333333333333,0.3333333333333333,2.909090909090909,7.916666666666667,0,,43.774529774681945,175,usable
Ryan Kreidler,ryan kreidler,MIN,16,13,4,0.3076923076923077,0.3749217154526889,0.1875,0.4375,1.7692307692307692,7.875,0,,43.67883369828176,167,strong
Alika Williams,alika williams,ATH,8,7,2,0.2857142857142857,0.388054888753538,0.125,0.375,1.2857142857142858,8.0,0,,43.54215102836667,158,usable
Gary Sánchez,gary sanchez,MIL,8,7,2,0.2857142857142857,0.388054888753538,0.125,0.375,2.142857142857143,5.571428571428571,0,,43.54215102836667,158,usable
Dillon Dingler,dillon dingler,DET,23,17,5,0.29411764705882354,0.3576911340109387,0.2608695652173913,0.4782608695652174,3.1176470588235294,2.5652173913043477,0,,43.41911340109387,180,strong
Billy Cook,billy cook,PIT,2,2,0,0.0,0.3837887775940873,0.0,0.0,0.0,5.0,0,,43.365539912421596,161,thin
Cam Cauley,cam cauley,TEX,2,2,0,0.0,0.3837887775940873,0.0,0.0,2.0,6.5,0,,43.365539912421596,161,thin
Christian Encarnacion-Strand,christian encarnacion-strand,BAL,2,2,0,0.0,0.3837887775940873,0.0,0.0,3.0,4.0,0,,43.365539912421596,161,thin
Christian Franklin,christian franklin,BAL,2,2,0,0.0,0.3837887775940873,0.0,0.0,1.0,7.5,0,,43.365539912421596,161,thin
Cristian Pache,cristian pache,NYM,2,2,0,0.0,0.3837887775940873,0.0,0.0,1.0,6.5,0,,43.365539912421596,161,thin
Garrett Stubbs,garrett stubbs,PHI,2,2,0,0.0,0.3837887775940873,0.0,0.0,2.0,9.0,0,,43.365539912421596,161,thin
Joey Bart,joey bart,ATL,2,2,0,0.0,0.3837887775940873,0.0,0.0,2.0,7.0,0,,43.365539912421596,161,thin
Kyle Teel,kyle teel,CWS,2,2,0,0.0,0.3837887775940873,0.0,0.0,3.0,5.5,0,,43.365539912421596,161,thin
Leo Rivas,leo rivas,SEA,2,2,0,0.0,0.3837887775940873,0.0,0.0,1.5,5.0,1,0.0,43.365539912421596,161,thin
Luis Campusano,luis campusano,SD,2,2,0,0.0,0.3837887775940873,0.0,0.0,1.0,5.5,0,,43.365539912421596,161,thin
Raynel Delgado,raynel delgado,HOU,2,2,0,0.0,0.3837887775940873,0.0,0.0,1.0,6.0,0,,43.365539912421596,161,thin
Connor Norby,connor norby,MIA,17,13,4,0.3076923076923077,0.3749217154526889,0.23529411764705882,0.47058823529411764,2.5384615384615383,6.294117647058823,0,,43.34217154526889,167,strong
Weston Wilson,weston wilson,BAL,9,9,2,0.2222222222222222,0.3510972803008201,0.0,0.2222222222222222,1.5555555555555556,5.888888888888889,0,,43.246390183094874,185,usable
Luis Rengifo,luis rengifo,SD,16,10,3,0.3,0.3805928584689646,0.375,0.5625,2.5,6.4,0,,42.559285846896465,163,usable
Victor Robles,victor robles,SEA,14,10,3,0.3,0.3805928584689646,0.2857142857142857,0.5,1.7,6.461538461538462,0,,42.559285846896465,163,usable
Alan Roden,alan roden,MIN,3,1,0,0.0,0.41331099125517096,0.6666666666666666,0.6666666666666666,3.0,6.0,0,,42.447765792183766,142,thin
Enrique Hernández,enrique hernandez,LAD,3,1,0,0.0,0.41331099125517096,0.6666666666666666,0.6666666666666666,1.0,7.0,0,,42.447765792183766,142,thin
Eric Wagaman,eric wagaman,NYM,3,1,0,0.0,0.41331099125517096,0.6666666666666666,0.6666666666666666,1.0,6.666666666666667,0,,42.447765792183766,142,thin
Jorbit Vivas,jorbit vivas,WSH,19,14,4,0.2857142857142857,0.3605016494737393,0.2631578947368421,0.47368421052631576,1.5,7.3125,0,,42.350164947373926,177,strong
Mookie Betts,mookie betts,LAD,22,14,4,0.2857142857142857,0.3605016494737393,0.36363636363636365,0.5454545454545454,3.4285714285714284,3.272727272727273,0,,42.350164947373926,177,strong
Cal Raleigh,cal raleigh,SEA,9,8,2,0.25,0.36865214431586113,0.1111111111111111,0.3333333333333333,3.0,4.444444444444445,0,,42.32965436237676,171,usable
Kevin Alcántara,kevin alcantara,CHC,6,6,1,0.16666666666666666,0.35405793812873454,0.0,0.16666666666666666,0.16666666666666666,4.75,1,0.0,42.192455965886325,182,usable
Andrew McCutchen,andrew mccutchen,TEX,10,10,2,0.2,0.3351383130144192,0.0,0.2,1.1,2.5,6,0.16666666666666666,42.100493454454785,198,usable
Daniel Susac,daniel susac,SF,10,7,2,0.2857142857142857,0.388054888753538,0.3,0.5,3.0,7.0,0,,41.9554888753538,158,usable
MJ Melendez,mj melendez,NYM,15,15,3,0.2,0.31011269949323045,0.0,0.2,1.3333333333333333,6.071428571428571,0,,41.84793210233591,222,strong
Drew Cavanaugh,drew cavanaugh,SF,2,1,0,0.0,0.41331099125517096,0.5,0.5,0.0,8.5,0,,41.7810991255171,142,thin
James McCann,james mccann,AZ,2,1,0,0.0,0.41331099125517096,0.5,0.5,2.0,8.0,0,,41.7810991255171,142,thin
Josh Rojas,josh rojas,KC,2,1,0,0.0,0.41331099125517096,0.5,0.5,2.0,7.0,0,,41.7810991255171,142,thin
Samad Taylor,samad taylor,SD,2,1,0,0.0,0.41331099125517096,0.5,0.5,4.0,4.5,0,,41.7810991255171,142,thin
Colt Keith,colt keith,DET,25,21,5,0.23809523809523808,0.3143346329187037,0.16,0.36,1.9523809523809523,4.0,4,0.25,41.770125444883234,218,strong
Gabriel Rincones Jr.,gabriel rincones,PHI,5,4,1,0.25,0.3983151803948264,0.2,0.4,2.75,7.2,0,,41.7181801924955,151,thin
Tyler Tolbert,tyler tolbert,KC,5,4,1,0.25,0.3983151803948264,0.2,0.4,1.0,6.4,0,,41.7181801924955,151,thin
Victor Bericoto,victor bericoto,SF,5,4,1,0.25,0.3983151803948264,0.2,0.4,0.5,7.8,0,,41.7181801924955,151,thin
Amed Rosario,amed rosario,NYY,14,12,3,0.25,0.3488767869298843,0.14285714285714285,0.35714285714285715,1.4166666666666667,5.076923076923077,0,,41.517197988858435,187,strong
Kyle Karros,kyle karros,COL,17,11,3,0.2727272727272727,0.3640453428833575,0.35294117647058826,0.5294117647058824,2.3636363636363638,7.235294117647059,0,,41.35453428833575,175,usable
Carson Williams,carson williams,TB,3,3,0,0.0,0.3582028590878148,0.0,0.0,1.6666666666666667,8.666666666666666,0,,41.25694806179435,179,thin
Chuckie Robinson,chuckie robinson,LAD,3,3,0,0.0,0.3582028590878148,0.0,0.0,1.6666666666666667,6.333333333333333,1,0.0,41.25694806179435,179,thin
Otto Kemp,otto kemp,PHI,3,3,0,0.0,0.3582028590878148,0.0,0.0,0.6666666666666666,8.666666666666666,0,,41.25694806179435,179,thin
Colby Thomas,colby thomas,ATH,10,9,2,0.2222222222222222,0.3510972803008201,0.1,0.3,1.3333333333333333,3.888888888888889,3,0.0,41.246390183094874,185,usable
Keibert Ruiz,keibert ruiz,WSH,16,5,1,0.2,0.37488487566571893,0.6875,0.75,2.6,8.3125,0,,41.23848756657189,167,usable
Braden Shewmake,braden shewmake,HOU,15,13,3,0.23076923076923078,0.3349217154526889,0.13333333333333333,0.3333333333333333,2.076923076923077,5.866666666666666,0,,40.762167031615085,199,strong
Braden Montgomery,braden montgomery,CWS,10,8,2,0.25,0.36865214431586113,0.2,0.4,2.375,5.6,0,,40.55187658459898,171,usable
Brett Sullivan,brett sullivan,COL,6,5,1,0.2,0.37488487566571893,0.16666666666666666,0.3333333333333333,2.0,7.333333333333333,0,,40.49181638625142,167,usable
Patrick Wisdom,patrick wisdom,SEA,6,5,1,0.2,0.37488487566571893,0.16666666666666666,0.3333333333333333,1.8,4.8,0,,40.49181638625142,167,usable
Drew Millas,drew millas,WSH,11,8,2,0.25,0.36865214431586113,0.2727272727272727,0.45454545454545453,2.5,8.272727272727273,0,,40.46521443158611,171,usable
Miguel Amaya,miguel amaya,CHC,12,8,2,0.25,0.36865214431586113,0.3333333333333333,0.5,2.125,8.272727272727273,0,,40.46521443158611,171,usable
Spencer Jones,spencer jones,NYY,15,12,3,0.25,0.3488767869298843,0.2,0.4,1.75,6.0,0,,40.374340846001296,187,strong
Jackson Holliday,jackson holliday,BAL,16,12,3,0.25,0.3488767869298843,0.25,0.4375,2.25,7.375,1,0.0,40.28767869298843,187,strong
Jose Fernandez,jose fernandez,AZ,16,12,3,0.25,0.3488767869298843,0.25,0.4375,1.9166666666666667,6.9375,0,,40.28767869298843,187,strong
Miguel Rojas,miguel rojas,LAD,16,12,3,0.25,0.3488767869298843,0.25,0.4375,1.8333333333333333,7.866666666666666,0,,40.28767869298843,187,strong
Jeff McNeil,jeff mcneil,ATH,22,17,4,0.23529411764705882,0.32320837539024905,0.22727272727272727,0.4090909090909091,2.764705882352941,7.681818181818182,0,,39.970837539024906,209,strong
Jesus Rodriguez,jesus rodriguez,SF,7,5,1,0.2,0.37488487566571893,0.2857142857142857,0.42857142857142855,1.4,6.142857142857143,1,0.0,39.73848756657189,167,usable
Tyler Callihan,tyler callihan,PIT,8,5,1,0.2,0.37488487566571893,0.375,0.5,1.8,6.875,0,,39.73848756657189,167,usable
Zack Short,zack short,DET,7,5,1,0.2,0.37488487566571893,0.2857142857142857,0.42857142857142855,2.0,9.0,0,,39.73848756657189,167,usable
Alex Freeland,alex freeland,LAD,11,9,2,0.2222222222222222,0.3510972803008201,0.18181818181818182,0.36363636363636365,1.8888888888888888,8.181818181818182,0,,39.610026546731234,185,usable
Max Schuemann,max schuemann,NYY,11,9,2,0.2222222222222222,0.3510972803008201,0.18181818181818182,0.36363636363636365,1.3333333333333333,5.909090909090909,0,,39.610026546731234,185,usable
Tyrone Taylor,tyrone taylor,CHC,11,9,2,0.2222222222222222,0.3510972803008201,0.18181818181818182,0.36363636363636365,1.4444444444444444,5.818181818181818,0,,39.610026546731234,185,usable
Chad Stevens,chad stevens,COL,8,8,1,0.125,0.3186521443158611,0.0,0.125,1.75,7.875,0,,39.55187658459897,214,usable
Lawrence Butler,lawrence butler,ATH,17,15,3,0.2,0.31011269949323045,0.11764705882352941,0.29411764705882354,1.9333333333333333,6.529411764705882,2,0.5,39.49499092586532,222,strong
César Prieto,cesar prieto,STL,4,4,0,0.0,0.3358151803948264,0.0,0.0,2.0,7.0,0,,39.4681801924955,198,thin
Connor Joe,connor joe,SEA,4,4,0,0.0,0.3358151803948264,0.0,0.0,1.25,6.5,0,,39.4681801924955,198,thin
Matt Shaw,matt shaw,CHC,4,4,0,0.0,0.3358151803948264,0.0,0.0,1.75,6.0,0,,39.4681801924955,198,thin
Nick Morabito,nick morabito,NYM,4,4,0,0.0,0.3358151803948264,0.0,0.0,2.25,6.75,0,,39.4681801924955,198,thin
Pavin Smith,pavin smith,AZ,4,4,0,0.0,0.3358151803948264,0.0,0.0,1.75,5.25,0,,39.4681801924955,198,thin
Victor Scott II,victor scott ii,STL,17,13,3,0.23076923076923078,0.3349217154526889,0.23529411764705882,0.4117647058823529,2.0,8.882352941176471,0,,39.34217154526889,199,strong
Aramis Garcia,aramis garcia,AZ,3,2,0,0.0,0.3837887775940873,0.3333333333333333,0.3333333333333333,2.0,8.0,0,,39.27887775940873,161,thin
Joey Wiemer,joey wiemer,WSH,3,2,0,0.0,0.3837887775940873,0.3333333333333333,0.3333333333333333,0.5,5.0,1,0.0,39.27887775940873,161,thin
Jonah Cox,jonah cox,SF,3,2,0,0.0,0.3837887775940873,0.3333333333333333,0.3333333333333333,0.5,6.333333333333333,0,,39.27887775940873,161,thin
Vidal Bruján,vidal brujan,NYM,3,2,0,0.0,0.3837887775940873,0.3333333333333333,0.3333333333333333,1.5,5.0,0,,39.27887775940873,161,thin
Jake Meyers,jake meyers,HOU,14,9,2,0.2222222222222222,0.3510972803008201,0.35714285714285715,0.5,2.3333333333333335,6.214285714285714,0,,39.15972803008201,185,usable
Moisés Ballesteros,moises ballesteros,LAA,12,9,2,0.2222222222222222,0.3510972803008201,0.25,0.4166666666666667,2.0,6.583333333333333,0,,39.15972803008201,185,usable
Edgar Quero,edgar quero,CWS,17,14,3,0.21428571428571427,0.32204011101220087,0.17647058823529413,0.35294117647058826,2.2142857142857144,6.625,0,,39.06126148952707,211,strong
Luis Torrens,luis torrens,NYM,20,14,3,0.21428571428571427,0.32204011101220087,0.3,0.45,2.2857142857142856,8.85,0,,38.50401110122009,211,strong
TJ Friedl,tj friedl,CIN,8,7,1,0.14285714285714285,0.3354233098061696,0.125,0.25,1.5714285714285714,8.75,0,,38.278993133629825,198,usable
Tyler Heineman,tyler heineman,TOR,8,7,1,0.14285714285714285,0.3354233098061696,0.125,0.25,1.5714285714285714,8.625,0,,38.278993133629825,198,usable
Hyeseong Kim,hyeseong kim,LAD,12,6,1,0.16666666666666666,0.35405793812873454,0.5,0.5833333333333334,2.1666666666666665,8.5,0,,38.10579381287346,182,usable
Evan Carter,evan carter,TEX,19,16,3,0.1875,0.2990372459399008,0.15789473684210525,0.3157894736842105,2.1875,6.0,1,0.0,38.03249201016084,234,strong
Alex Call,alex call,LAD,14,10,2,0.2,0.3351383130144192,0.2857142857142857,0.42857142857142855,1.3,6.166666666666667,1,0.0,38.01383130144192,198,usable
Eugenio Suárez,eugenio suarez,CIN,13,10,2,0.2,0.3351383130144192,0.23076923076923078,0.38461538461538464,2.7,4.923076923076923,0,,38.01383130144192,198,usable
Freddy Fermin,freddy fermin,SD,14,13,2,0.15384615384615385,0.29492171545268886,0.07142857142857142,0.21428571428571427,2.3076923076923075,8.642857142857142,0,,38.00026226971032,239,strong
César Salazar,cesar salazar,HOU,5,5,0,0.0,0.31606134625395427,0.0,0.0,2.4,8.8,0,,37.942796778408294,216,usable
Stuart Fairchild,stuart fairchild,CLE,5,5,0,0.0,0.31606134625395427,0.0,0.0,1.4,6.25,0,,37.942796778408294,216,usable
José Tena,jose tena,WSH,20,15,3,0.2,0.31011269949323045,0.25,0.4,1.8,5.894736842105263,0,,37.761269949323044,222,strong
Adolis García,adolis garcia,PHI,20,17,3,0.17647058823529413,0.2887256167695594,0.15,0.3,2.5294117647058822,6.55,0,,37.609223829968805,246,strong
Zach Cole,zach cole,HOU,10,10,1,0.1,0.28968376755987374,0.0,0.1,1.9,5.111111111111111,2,0.0,37.555038909000245,245,usable
Andrés Chaparro,andres chaparro,WSH,14,12,2,0.16666666666666666,0.3072101202632176,0.14285714285714285,0.2857142857142857,1.0833333333333333,2.923076923076923,0,,37.35053132219176,226,strong
Eli White,eli white,ATL,9,8,1,0.125,0.3186521443158611,0.1111111111111111,0.2222222222222222,1.0,5.125,1,0.0,37.32965436237674,214,usable
Sung-Mun Song,sung-mun song,SD,9,8,1,0.125,0.3186521443158611,0.1111111111111111,0.2222222222222222,1.75,7.111111111111111,1,0.0,37.32965436237674,214,usable
Gabriel Arias,gabriel arias,CLE,5,3,0,0.0,0.3582028590878148,0.4,0.4,1.3333333333333333,6.8,0,,37.17028590878148,179,thin
Nick Madrigal,nick madrigal,LAA,4,3,0,0.0,0.3582028590878148,0.25,0.25,1.0,7.666666666666667,0,,37.17028590878148,179,thin
Yohel Pozo,yohel pozo,STL,7,3,0,0.0,0.3582028590878148,0.5714285714285714,0.5714285714285714,0.0,7.285714285714286,0,,37.17028590878148,179,thin
David Fry,david fry,CLE,15,13,2,0.15384615384615385,0.29492171545268886,0.13333333333333333,0.26666666666666666,1.5384615384615385,5.2,0,,36.76216703161508,239,strong
Eric Haase,eric haase,SF,9,7,1,0.14285714285714285,0.3354233098061696,0.2222222222222222,0.3333333333333333,1.5714285714285714,8.5,0,,36.69233098061696,198,usable
Mickey Moniak,mickey moniak,COL,9,7,1,0.14285714285714285,0.3354233098061696,0.2222222222222222,0.3333333333333333,2.2857142857142856,4.888888888888889,0,,36.69233098061696,198,usable
Nick Allen,nick allen,HOU,9,7,1,0.14285714285714285,0.3354233098061696,0.2222222222222222,0.3333333333333333,1.5714285714285714,7.777777777777778,0,,36.69233098061696,198,usable
Will Benson,will benson,CIN,10,7,1,0.14285714285714285,0.3354233098061696,0.3,0.4,1.4285714285714286,4.5,3,0.0,36.69233098061696,198,usable
Blake Perkins,blake perkins,MIL,10,9,1,0.1111111111111111,0.3034782326817725,0.1,0.2,1.3333333333333333,6.2,0,,36.484485421190115,230,usable
Jake Rogers,jake rogers,DET,10,9,1,0.1111111111111111,0.3034782326817725,0.1,0.2,2.3333333333333335,8.9,0,,36.484485421190115,230,usable
Michael Conforto,michael conforto,CHC,16,14,2,0.14285714285714285,0.2835785725506624,0.125,0.25,2.0714285714285716,6.333333333333333,0,,36.24451940807911,253,strong
José Fermín,jose fermin,STL,17,12,2,0.16666666666666666,0.3072101202632176,0.29411764705882354,0.4117647058823529,1.5,7.1875,0,,36.12101202632176,226,strong
Ali Sánchez,ali sanchez,NYY,5,4,0,0.0,0.3358151803948264,0.2,0.2,1.5,8.6,0,,35.4681801924955,198,thin
Oliver Dunn,oliver dunn,TB,5,4,0,0.0,0.3358151803948264,0.2,0.2,1.5,6.0,0,,35.4681801924955,198,thin
David Hamilton,david hamilton,MIL,13,8,1,0.125,0.3186521443158611,0.38461538461538464,0.46153846153846156,2.125,8.923076923076923,0,,35.465214431586105,214,usable
Petey Halpin,petey halpin,CLE,13,8,1,0.125,0.3186521443158611,0.38461538461538464,0.46153846153846156,1.125,7.230769230769231,1,0.0,35.465214431586105,214,usable
Zach Dezenzo,zach dezenzo,HOU,12,8,1,0.125,0.3186521443158611,0.3333333333333333,0.4166666666666667,1.75,6.0,0,,35.465214431586105,214,usable
Rafael Marchán,rafael marchan,PHI,7,4,0,0.0,0.3358151803948264,0.42857142857142855,0.42857142857142855,2.25,8.428571428571429,0,,35.381518039482636,198,thin
Logan O'Hoppe,logan o'hoppe,LAA,19,14,2,0.14285714285714285,0.2835785725506624,0.2631578947368421,0.3684210526315789,2.4285714285714284,8.263157894736842,0,,34.65785725506624,253,strong
Jase Bowen,jase bowen,SD,6,5,0,0.0,0.31606134625395427,0.16666666666666666,0.16666666666666666,0.4,5.666666666666667,1,0.0,34.60946344507496,216,usable
Edouard Julien,edouard julien,COL,13,12,1,0.08333333333333333,0.2655434535965509,0.07692307692307693,0.15384615384615385,2.0833333333333335,6.230769230769231,2,0.0,34.50254597420642,277,strong
Myles Straw,myles straw,TOR,22,20,2,0.1,0.2304075901974132,0.09090909090909091,0.18181818181818182,0.9,6.095238095238095,0,,34.30923935457236,334,strong
Esteury Ruiz,esteury ruiz,MIA,19,15,2,0.13333333333333333,0.2730756624561934,0.21052631578947367,0.3157894736842105,1.4,6.777777777777778,1,0.0,34.05756624561934,266,strong
Jorge Barrosa,jorge barrosa,AZ,9,9,0,0.0,0.25585918506272487,0.0,0.0,0.7777777777777778,6.125,1,0.0,33.722580659285356,291,usable
Gage Workman,gage workman,DET,13,11,1,0.09090909090909091,0.27708882114422706,0.15384615384615385,0.23076923076923078,1.0909090909090908,6.25,0,,33.668621190512496,261,usable
Hunter Feduccia,hunter feduccia,TB,15,11,1,0.09090909090909091,0.27708882114422706,0.26666666666666666,0.3333333333333333,1.4545454545454546,7.866666666666666,0,,32.65888211442271,261,usable
Lane Thomas,lane thomas,KC,17,11,1,0.09090909090909091,0.27708882114422706,0.35294117647058826,0.4117647058823529,1.6363636363636365,5.647058823529412,1,0.0,32.65888211442271,261,usable
J.C. Escarra,jc escarra,NYY,8,6,0,0.0,0.298502382573179,0.25,0.25,2.0,8.5,0,,32.5502382573179,235,usable
Sam Haggerty,sam haggerty,TEX,8,6,0,0.0,0.298502382573179,0.25,0.25,0.6666666666666666,5.625,0,,32.5502382573179,235,usable
Sandy León,sandy leon,ATL,12,11,0,0.0,0.23361056027466184,0.08333333333333333,0.08333333333333333,1.0909090909090908,8.083333333333334,1,0.0,30.731051513812382,328,usable
Rob Refsnyder,rob refsnyder,SEA,14,11,0,0.0,0.23361056027466184,0.21428571428571427,0.21428571428571427,1.0,5.181818181818182,1,0.0,28.311056027466183,328,usable
Jahmai Jones,jahmai jones,DET,15,12,0,0.0,0.22387678692988425,0.2,0.2,0.8333333333333334,4.666666666666667,0,,27.874340846001285,347,strong
