pick_date,parlay_rank,bet_status,parlay_lock_rule,earliest_minutes_to_game,leg1_player,leg1_team,leg1_opponent,leg1_odds,leg1_probability,leg1_lineup_slot,leg1_projected_pa,leg2_player,leg2_team,leg2_opponent,leg2_odds,leg2_probability,leg2_lineup_slot,leg2_projected_pa,combined_decimal_odds,combined_american_odds,parlay_probability,parlay_ev_per_dollar,recommended_stake,expected_profit,confidence,parlay_score,selection_pool,correlation_note,why_sharpie_likes_it,sharpie_concern,actual_leg1_hit,actual_leg2_hit,actual_parlay_hit,profit
2026-05-30,1,Preferred Rank 2+3,,,Riley Greene,DET,CWS,-173.0,0.651853179154366,4.0,4.28,Yordan Alvarez,HOU,MIL,-222.0,0.7155447365294825,2.0,4.42,2.288861115450711,129,0.4664301113339164,0.0675937449075472,10.0,0.6759374490754722,Watchlist,69.90948228412887,Sharpie Rank 2+3 Preferred,Different-game legs: cleaner risk split and lower shared downside.,"Sharpie is currently prioritizing the Rank 2+3 two-leg parlay because the fixed-rank backtest has outperformed Rank 1+2, Rank 1+3, and betting every combo.",This is now a conviction-first parlay rule. Sharpie will keep tracking all pair combos daily and should stop favoring Rank 2+3 if its rolling hit rate or ROI loses the lead.,1.0,1.0,1.0,12.88861115450711
2026-05-31,1,Preferred Rank 2+3,,,Yordan Alvarez,HOU,MIL,-171.0,0.6953475942087306,2.0,4.42,Taylor Ward,BAL,TOR,-151.0,0.6408464385346792,1.0,4.54,2.634328647225127,163,0.4456110292923222,0.1738858999842397,10.0,1.7388589998423976,Medium,78.58136204888653,Sharpie Rank 2+3 Preferred,Different-game legs: cleaner risk split and lower shared downside.,"Sharpie is currently prioritizing the Rank 2+3 two-leg parlay because the fixed-rank backtest has outperformed Rank 1+2, Rank 1+3, and betting every combo.",This is now a conviction-first parlay rule. Sharpie will keep tracking all pair combos daily and should stop favoring Rank 2+3 if its rolling hit rate or ROI loses the lead.,,,,
2026-06-01,1,Preferred Rank 2+3,HOLD until earliest leg reaches 2-hour parlay window (-20 minutes to first pitch).,-20.4,Dillon Dingler,DET,TB,-173.0,0.6790037906969871,2.0,4.5,Riley Greene,DET,TB,-151.0,0.6195804178688971,4.0,4.28,2.62309076292922,162,0.378627707137144,-0.0068251588194879,10.0,-0.0682515881948797,Watchlist,52.82142361765128,Sharpie Rank 2+3 Preferred,"Same-team parlay: higher upside if the lineup rolls, but shared pitcher/weather downside gets a haircut.","Sharpie is currently prioritizing the Rank 2+3 two-leg parlay because the fixed-rank backtest has outperformed Rank 1+2, Rank 1+3, and betting every combo. If either leg is an early game, that leg controls the ticket deadline.",This is now a conviction-first parlay rule. Sharpie will keep tracking all pair combos daily and should stop favoring Rank 2+3 if its rolling hit rate or ROI loses the lead.,,,,
2026-06-02,1,Locked,"LOCKED by earliest leg: 44 minutes to first pitch. For parlays, the first game controls the ticket deadline even when later legs start after it.",44.5,Wilyer Abreu,BOS,BAL,-222.0,0.7014473802165025,3.0,4.3,JJ Bleday,CIN,KC,-201.0,0.6942251699709554,2.0,4.42,2.1720675899780377,117,0.4869624267564829,0.0577153046948105,10.0,0.5771530469481057,Watchlist,68.85890034243485,Sharpie Rank 2+3 Preferred,Different-game legs: cleaner risk split and lower shared downside.,"Sharpie is currently prioritizing the Rank 2+3 two-leg parlay because the fixed-rank backtest has outperformed Rank 1+2, Rank 1+3, and betting every combo. If either leg is an early game, that leg controls the ticket deadline.",This is now a conviction-first parlay rule. Sharpie will keep tracking all pair combos daily and should stop favoring Rank 2+3 if its rolling hit rate or ROI loses the lead.,0.0,0.0,0.0,-10.0
2026-06-03,1,Locked,"LOCKED by earliest leg: 34 minutes to first pitch. For parlays, the first game controls the ticket deadline even when later legs start after it.",34.5,Yohendrick Piñango,TOR,ATL,-159.0,0.6427806591400947,2.0,4.5,Chase DeLauter,CLE,NYY,-188.0,0.6742968107927251,3.0,4.38,2.4953833801686067,150,0.4334249484974116,0.0815614130308751,10.0,0.8156141303087516,Medium,65.49588769790633,Sharpie Rank 2+3 Preferred,Different-game legs: cleaner risk split and lower shared downside.,"Sharpie is currently prioritizing the Rank 2+3 two-leg parlay because the fixed-rank backtest has outperformed Rank 1+2, Rank 1+3, and betting every combo. If either leg is an early game, that leg controls the ticket deadline.",This is now a conviction-first parlay rule. Sharpie will keep tracking all pair combos daily and should stop favoring Rank 2+3 if its rolling hit rate or ROI loses the lead.,1.0,0.0,0.0,-10.0
2026-06-04,1,Pass,Parlay game-time check unavailable; keep as watchlist until start times refresh.,,Casey Schmitt,SF,MIL,-212.0,0.68279,1.0,4.62,Yordan Alvarez,HOU,PIT,-277.0,0.7325759999999999,2.0,4.42,2.002997071044207,100,0.5001955670399999,0.0018902557304161,0.0,0.0,Watchlist,65.7027152658416,Full Board Fallback,Different-game legs: cleaner risk split and lower shared downside.,"Full Board Fallback: Casey Schmitt and Yordan Alvarez both clear the probability, PA, lineup-slot, and model-agreement gates. Combined price is +100 with modeled success near 50.0%.","Two-leg hit parlays compound baseball variance, so Sharpie only stakes this when the combined EV clears the hurdle. Different-game legs: cleaner risk split and lower shared downside.",1.0,1.0,1.0,0.0
2026-06-05,1,Locked,"LOCKED by earliest leg: 34 minutes to first pitch. For parlays, the first game controls the ticket deadline even when later legs start after it.",34.5,Wilyer Abreu,BOS,NYY,-202.0,0.6829379807975702,3.0,4.38,Willson Contreras,BOS,NYY,-191.0,0.6659819462489364,4.0,4.28,2.2777979368617487,128,0.409341929056996,-0.0676017985229661,10.0,-0.6760179852296611,Watchlist,48.89375518169312,Sharpie Rank 2+3 Preferred,"Same-team parlay: higher upside if the lineup rolls, but shared pitcher/weather downside gets a haircut.","Sharpie is currently prioritizing the Rank 2+3 two-leg parlay because the fixed-rank backtest has outperformed Rank 1+2, Rank 1+3, and betting every combo. If either leg is an early game, that leg controls the ticket deadline.","This is now a conviction-first parlay rule, but no stake is committed until the earliest leg reaches the one-hour parlay lock window. Sharpie will keep tracking all pair combos daily and should stop favoring Rank 2+3 if its rolling hit rate or ROI loses the lead.",1.0,1.0,1.0,12.777979368617489
2026-06-06,1,Locked,"LOCKED by earliest leg: 39 minutes to first pitch. For parlays, the first game controls the ticket deadline even when later legs start after it.",39.4,Yordan Alvarez,HOU,ATH,-259.0,0.7327208318499644,2.0,4.42,Andrés Chaparro,WSH,AZ,-148.0,0.6564238541453294,3.0,4.38,2.32265470103308,132,0.4809754324555255,0.1171398492742448,10.0,1.171398492742448,Medium,77.88226519931126,Sharpie Rank 2+3 Preferred,Different-game legs: cleaner risk split and lower shared downside.,"Sharpie is currently prioritizing the Rank 2+3 two-leg parlay because the fixed-rank backtest has outperformed Rank 1+2, Rank 1+3, and betting every combo. If either leg is an early game, that leg controls the ticket deadline.","This is now a conviction-first parlay rule, but no stake is committed until the earliest leg reaches the one-hour parlay lock window. Sharpie will keep tracking all pair combos daily and should stop favoring Rank 2+3 if its rolling hit rate or ROI loses the lead.",1.0,0.0,0.0,-10.0
2026-06-07,1,Locked,"LOCKED by earliest leg: 34 minutes to first pitch. For parlays, the first game controls the ticket deadline even when later legs start after it.",34.5,Miguel Vargas,CWS,PHI,-214.0,0.6913088360143416,2.0,4.5,Taylor Ward,BAL,TOR,-166.0,0.6483035398786714,1.0,4.62,2.351199189280486,135,0.4481779655375016,0.0537556692251514,10.0,0.537556692251514,Watchlist,63.748024510140255,Sharpie Rank 2+3 Preferred,Different-game legs: cleaner risk split and lower shared downside.,"Sharpie is currently prioritizing the Rank 2+3 two-leg parlay because the fixed-rank backtest has outperformed Rank 1+2, Rank 1+3, and betting every combo. If either leg is an early game, that leg controls the ticket deadline.","This is now a conviction-first parlay rule, but no stake is committed until the earliest leg reaches the one-hour parlay lock window. Sharpie will keep tracking all pair combos daily and should stop favoring Rank 2+3 if its rolling hit rate or ROI loses the lead.",1.0,1.0,1.0,13.51199189280486
2026-06-08,1,Preferred Rank 2+3,HOLD until earliest leg reaches 60-minute parlay window (-174 minutes to first pitch).,-173.5,Kyle Schwarber,PHI,TOR,-201.0,0.6805179920669041,1.0,4.62,James Wood,WSH,SF,-203.0,0.7039461181920533,1.0,4.62,2.2352032938754505,124,0.4790479988753477,0.0707696650106203,0.0,0.0,Watchlist,69.61032642233637,Sharpie Rank 2+3 Preferred,Different-game legs: cleaner risk split and lower shared downside.,"Sharpie is currently prioritizing the Rank 2+3 two-leg parlay because the fixed-rank backtest has outperformed Rank 1+2, Rank 1+3, and betting every combo. If either leg is an early game, that leg controls the ticket deadline.","This is now a conviction-first parlay rule, but no stake is committed until the earliest leg reaches the one-hour parlay lock window. Sharpie will keep tracking all pair combos daily and should stop favoring Rank 2+3 if its rolling hit rate or ROI loses the lead.",1.0,1.0,1.0,0.0
2026-06-09,1,Locked,"LOCKED by earliest leg: 40 minutes to first pitch. For parlays, the first game controls the ticket deadline even when later legs start after it.",39.5,Brandon Lowe,PIT,LAD,-185.0,0.6614295840019484,2.0,4.42,Jordan Walker,STL,NYM,-170.0,0.6488528078126021,4.0,4.28,2.446740858505565,145,0.4291704427499856,0.050068857539313,10.0,0.50068857539313,Watchlist,60.04881674643029,Sharpie Rank 2+3 Preferred,Different-game legs: cleaner risk split and lower shared downside.,"Sharpie is currently prioritizing the Rank 2+3 two-leg parlay because the fixed-rank backtest has outperformed Rank 1+2, Rank 1+3, and betting every combo. If either leg is an early game, that leg controls the ticket deadline.","This is now a conviction-first parlay rule, but no stake is committed until the earliest leg reaches the one-hour parlay lock window. Sharpie will keep tracking all pair combos daily and should stop favoring Rank 2+3 if its rolling hit rate or ROI loses the lead.",0.0,1.0,0.0,-10.0
2026-06-10,1,Preferred Rank 2+3,HOLD until earliest leg reaches 60-minute parlay window (-530 minutes to first pitch).,-530.4,Mickey Gasper,BOS,TB,-162.0,0.6292545280154146,5.0,4.15,James Wood,WSH,SF,-205.0,0.68384002965752,1.0,4.62,2.406202950918398,141,0.4303094351001899,0.0354118325461059,0.0,0.0,Watchlist,56.162843711623886,Sharpie Rank 2+3 Preferred,Different-game legs: cleaner risk split and lower shared downside.,"Sharpie is currently prioritizing the Rank 2+3 two-leg parlay because the fixed-rank backtest has outperformed Rank 1+2, Rank 1+3, and betting every combo. If either leg is an early game, that leg controls the ticket deadline.","This is now a conviction-first parlay rule, but no stake is committed until the earliest leg reaches the one-hour parlay lock window. Sharpie will keep tracking all pair combos daily and should stop favoring Rank 2+3 if its rolling hit rate or ROI loses the lead.",0.0,1.0,0.0,-0.0
2026-06-11,1,Pass,Parlay game-time check unavailable; keep as watchlist until start times refresh.,,Dominic Smith,ATL,CWS,-200.0,0.6703579999999999,4.0,4.28,Liam Hicks,MIA,AZ,-249.0,0.7033139999999999,1.0,4.54,2.1024096385542173,110,0.4714721664119998,-0.0087723730253735,0.0,-0.0,Watchlist,64.62581434630263,Full Board Fallback,Different-game legs: cleaner risk split and lower shared downside.,"Full Board Fallback: Dominic Smith and Liam Hicks both clear the probability, PA, lineup-slot, and model-agreement gates. Combined price is +110 with modeled success near 47.1%.","Two-leg hit parlays compound baseball variance, so Sharpie only stakes this when the combined EV clears the hurdle. Different-game legs: cleaner risk split and lower shared downside.",,,,
2026-06-12,1,Locked,"LOCKED by earliest leg: 37 minutes to first pitch. For parlays, the first game controls the ticket deadline even when later legs start after it.",36.6,Sam Antonacci,CWS,LAD,-213.0,0.7093612855106487,1.0,4.54,Ben Rice,NYY,TOR,-212.0,0.6894115008659355,2.0,4.5,2.162636194525645,116,0.4890418285000857,0.0576195589512884,10.0,0.5761955895128845,Watchlist,67.99488389013484,Sharpie Rank 2+3 Preferred,Different-game legs: cleaner risk split and lower shared downside.,"Sharpie is currently prioritizing the Rank 2+3 two-leg parlay because the fixed-rank backtest has outperformed Rank 1+2, Rank 1+3, and betting every combo. If either leg is an early game, that leg controls the ticket deadline.","This is now a conviction-first parlay rule, but no stake is committed until the earliest leg reaches the one-hour parlay lock window. Sharpie will keep tracking all pair combos daily and should stop favoring Rank 2+3 if its rolling hit rate or ROI loses the lead.",1.0,0.0,0.0,-10.0
2026-06-13,1,Locked,"LOCKED by earliest leg: 35 minutes to first pitch. For parlays, the first game controls the ticket deadline even when later legs start after it.",34.6,James Wood,WSH,SEA,-221.0,0.701440486725711,1.0,4.54,Miguel Vargas,CWS,LAD,-195.0,0.6869185545220926,2.0,4.42,2.1973546815175773,120,0.4818324852248985,0.0587568671161796,10.0,0.5875686711617967,Watchlist,68.60396067736086,Sharpie Rank 2+3 Preferred,Different-game legs: cleaner risk split and lower shared downside.,"Sharpie is currently prioritizing the Rank 2+3 two-leg parlay because the fixed-rank backtest has outperformed Rank 1+2, Rank 1+3, and betting every combo. If either leg is an early game, that leg controls the ticket deadline.","This is now a conviction-first parlay rule, but no stake is committed until the earliest leg reaches the one-hour parlay lock window. Sharpie will keep tracking all pair combos daily and should stop favoring Rank 2+3 if its rolling hit rate or ROI loses the lead.",1.0,0.0,0.0,-10.0
2026-06-14,1,Locked,"LOCKED by earliest leg: 40 minutes to first pitch. For parlays, the first game controls the ticket deadline even when later legs start after it.",39.5,Sam Antonacci,CWS,LAD,-203.0,0.6919155234403433,1.0,4.54,Bryce Harper,PHI,MIL,-165.0,0.6534124603931133,3.0,4.38,2.397223466188984,140,0.4521062245553436,0.0837996507141756,10.0,0.8379965071417561,Medium,65.52740079029161,Sharpie Rank 2+3 Preferred,Different-game legs: cleaner risk split and lower shared downside.,"Sharpie is currently prioritizing the Rank 2+3 two-leg parlay because the fixed-rank backtest has outperformed Rank 1+2, Rank 1+3, and betting every combo. If either leg is an early game, that leg controls the ticket deadline.","This is now a conviction-first parlay rule, but no stake is committed until the earliest leg reaches the one-hour parlay lock window. Sharpie will keep tracking all pair combos daily and should stop favoring Rank 2+3 if its rolling hit rate or ROI loses the lead.",1.0,0.0,0.0,-10.0
2026-06-15,1,Hold,HOLD until earliest leg reaches 60-minute parlay window (-24 minutes to first pitch).,-23.7,Max Muncy (ATH),ATH,PIT,-183.0,0.6584852459734293,5.0,4.07,Max Muncy (LAD),ATH,TB,-205.0,0.6420021501280759,5.0,4.07,2.3008130081300817,130,0.3804740493683009,-0.1246003579574862,0.0,0.0,Watchlist,35.17314766003244,Sharpie Hold Watchlist,"Same-team parlay: higher upside if the lineup rolls, but shared pitcher/weather downside gets a haircut.",Sharpie is holding the Rank 2+3 parlay idea while the straight-card legs remain flexible. No parlay stake is committed until the earliest leg reaches the one-hour parlay window.,"This replaces the old full-board fallback behavior. Sharpie can rotate these legs during 30-minute refreshes, so this parlay is not accountable yet.",1.0,1.0,1.0,0.0
2026-06-16,1,Locked,"LOCKED by earliest leg: 15 minutes to first pitch. For parlays, the first game controls the ticket deadline even when later legs start after it.",14.6,Wilyer Abreu,BOS,TOR,-162.0,0.6317188997627752,3.0,4.3,Trevor Larnach,MIN,TEX,-153.0,0.621493285905525,1.0,4.62,2.6743322843540707,167,0.3926090547821901,0.0499670703337469,10.0,0.4996707033374692,Watchlist,55.479340868128,Sharpie Rank 2+3 Preferred,Different-game legs: cleaner risk split and lower shared downside.,"Sharpie is currently prioritizing the Rank 2+3 two-leg parlay because the fixed-rank backtest has outperformed Rank 1+2, Rank 1+3, and betting every combo. If either leg is an early game, that leg controls the ticket deadline.","This is now a conviction-first parlay rule, but no stake is committed until the earliest leg reaches the one-hour parlay lock window. Sharpie will keep tracking all pair combos daily and should stop favoring Rank 2+3 if its rolling hit rate or ROI loses the lead.",0.0,1.0,0.0,-10.0
2026-06-17,1,Preferred Rank 2+3,HOLD until earliest leg reaches 60-minute parlay window (-387 minutes to first pitch).,-387.0,Mike Trout,LAA,AZ,-184.0,0.6774772206484865,2.0,4.5,Ben Rice,NYY,CWS,-225.0,0.7126456319786525,2.0,4.42,2.229468599033817,123,0.4828011820601816,0.0763900749795837,0.0,0.0,Watchlist,70.43509024217109,Sharpie Rank 2+3 Preferred,Different-game legs: cleaner risk split and lower shared downside.,"Sharpie is currently prioritizing the Rank 2+3 two-leg parlay because the fixed-rank backtest has outperformed Rank 1+2, Rank 1+3, and betting every combo. If either leg is an early game, that leg controls the ticket deadline.","This is now a conviction-first parlay rule, but no stake is committed until the earliest leg reaches the one-hour parlay lock window. Sharpie will keep tracking all pair combos daily and should stop favoring Rank 2+3 if its rolling hit rate or ROI loses the lead.",1.0,1.0,1.0,0.0
2026-06-18,1,Locked,"LOCKED by earliest leg: 40 minutes to first pitch. For parlays, the first game controls the ticket deadline even when later legs start after it.",39.6,Taylor Ward,BAL,SEA,-171.0,0.6391289704387464,1.0,4.62,J.P. Crawford,SEA,BAL,-192.0,0.6721417597101973,1.0,4.54,2.41020955165692,141,0.4038101546201177,-0.0267329082785344,10.0,-0.2673290827853447,Watchlist,50.5934199955548,Sharpie Rank 2+3 Preferred,Same-game or shared-opponent exposure: slight correlation haircut applied.,"Sharpie is currently prioritizing the Rank 2+3 two-leg parlay because the fixed-rank backtest has outperformed Rank 1+2, Rank 1+3, and betting every combo. If either leg is an early game, that leg controls the ticket deadline.","This is now a conviction-first parlay rule, but no stake is committed until the earliest leg reaches the one-hour parlay lock window. Sharpie will keep tracking all pair combos daily and should stop favoring Rank 2+3 if its rolling hit rate or ROI loses the lead.",0.0,0.0,0.0,-10.0
2026-06-19,1,Locked,"LOCKED by earliest leg: 58 minutes to first pitch. For parlays, the first game controls the ticket deadline even when later legs start after it.",57.8,JJ Bleday,CIN,NYY,-161.0,0.6381831974097241,2.0,4.5,James Wood,WSH,TB,-222.0,0.7002186849616627,1.0,4.62,2.351351351351352,135,0.4468677992548662,0.0507432036533339,10.0,0.5074320365333396,Watchlist,62.35506631317403,Sharpie Rank 2+3 Preferred,Different-game legs: cleaner risk split and lower shared downside.,"Sharpie is currently prioritizing the Rank 2+3 two-leg parlay because the fixed-rank backtest has outperformed Rank 1+2, Rank 1+3, and betting every combo. If either leg is an early game, that leg controls the ticket deadline.","This is now a conviction-first parlay rule, but no stake is committed until the earliest leg reaches the one-hour parlay lock window. Sharpie will keep tracking all pair combos daily and should stop favoring Rank 2+3 if its rolling hit rate or ROI loses the lead.",0.0,0.0,0.0,-10.0
2026-06-20,1,Preferred Rank 2+3,HOLD until earliest leg reaches 60-minute parlay window (-358 minutes to first pitch).,-357.8,Brice Turang,MIL,ATL,-180.0,0.6681288845319233,2.0,4.5,Taylor Ward,BAL,LAD,-148.0,0.6401622205212331,1.0,4.62,2.6066066066066065,161,0.4277108703163305,0.1148739802840087,0.0,0.0,Medium,70.42715895054401,Sharpie Rank 2+3 Preferred,Different-game legs: cleaner risk split and lower shared downside.,"Sharpie is currently prioritizing the Rank 2+3 two-leg parlay because the fixed-rank backtest has outperformed Rank 1+2, Rank 1+3, and betting every combo. If either leg is an early game, that leg controls the ticket deadline.","This is now a conviction-first parlay rule, but no stake is committed until the earliest leg reaches the one-hour parlay lock window. Sharpie will keep tracking all pair combos daily and should stop favoring Rank 2+3 if its rolling hit rate or ROI loses the lead.",0.0,1.0,0.0,-0.0
2026-06-21,1,Locked,"LOCKED by earliest leg: 57 minutes to first pitch. For parlays, the first game controls the ticket deadline even when later legs start after it.",56.7,Nathaniel Lowe,CIN,NYY,-156.0,0.6183998249247161,4.0,4.28,JJ Bleday,CIN,NYY,-183.0,0.6889018503368245,2.0,4.5,2.5377609639904724,154,0.3834151052747447,-0.0269841128294553,10.0,-0.2698411282945534,Watchlist,53.140646086286594,Sharpie Rank 2+3 Preferred,"Same-team parlay: higher upside if the lineup rolls, but shared pitcher/weather downside gets a haircut.","Sharpie is currently prioritizing the Rank 2+3 two-leg parlay because the fixed-rank backtest has outperformed Rank 1+2, Rank 1+3, and betting every combo. If either leg is an early game, that leg controls the ticket deadline.","This is now a conviction-first parlay rule, but no stake is committed until the earliest leg reaches the one-hour parlay lock window. Sharpie will keep tracking all pair combos daily and should stop favoring Rank 2+3 if its rolling hit rate or ROI loses the lead.",0.0,0.0,0.0,-10.0
2026-06-22,1,Locked,"LOCKED by earliest leg: 58 minutes to first pitch. For parlays, the first game controls the ticket deadline even when later legs start after it.",58.1,Yordan Alvarez,HOU,TOR,-236.0,0.7217848962837946,2.0,4.5,Travis Bazzana,CLE,CWS,-167.0,0.6374217226636697,1.0,4.62,2.2762610372475387,128,0.4600813719818345,0.0472653010056413,10.0,0.472653010056413,Watchlist,61.93222613929255,Sharpie Rank 2+3 Preferred,Different-game legs: cleaner risk split and lower shared downside.,"Sharpie is currently prioritizing the Rank 2+3 two-leg parlay because the fixed-rank backtest has outperformed Rank 1+2, Rank 1+3, and betting every combo. If either leg is an early game, that leg controls the ticket deadline.","This is now a conviction-first parlay rule, but no stake is committed until the earliest leg reaches the one-hour parlay lock window. Sharpie will keep tracking all pair combos daily and should stop favoring Rank 2+3 if its rolling hit rate or ROI loses the lead.",1.0,1.0,1.0,12.762610372475386
2026-06-23,1,Locked,"LOCKED by earliest leg: 1 minutes to first pitch. For parlays, the first game controls the ticket deadline even when later legs start after it.",0.8,Miguel Vargas,CWS,CLE,-189.0,0.6662349318427961,1.0,4.54,Taylor Ward,BAL,LAA,-204.0,0.6830775444867107,1.0,4.62,2.2786596119929454,128,0.4550901212944482,0.0369954792106298,10.0,0.3699547921062984,Watchlist,62.55585641167436,Sharpie Rank 2+3 Preferred,Different-game legs: cleaner risk split and lower shared downside.,"Sharpie is currently prioritizing the Rank 2+3 two-leg parlay because the fixed-rank backtest has outperformed Rank 1+2, Rank 1+3, and betting every combo. If either leg is an early game, that leg controls the ticket deadline.","This is now a conviction-first parlay rule, but no stake is committed until the earliest leg reaches the one-hour parlay lock window. Sharpie will keep tracking all pair combos daily and should stop favoring Rank 2+3 if its rolling hit rate or ROI loses the lead.",1.0,0.0,0.0,-10.0
2026-06-24,1,Locked,"LOCKED by earliest leg: 40 minutes to first pitch. For parlays, the first game controls the ticket deadline even when later legs start after it.",39.6,Nick Loftin,KC,TB,-173.0,0.6464536903241533,2.0,4.5,Yordan Alvarez,HOU,TOR,-215.0,0.7164493974305596,2.0,4.5,2.312004301653448,131,0.4631513568995012,0.070807929468278,10.0,0.7080792946827807,Watchlist,68.00138792979288,Sharpie Rank 2+3 Preferred,Different-game legs: cleaner risk split and lower shared downside.,"Sharpie is currently prioritizing the Rank 2+3 two-leg parlay because the fixed-rank backtest has outperformed Rank 1+2, Rank 1+3, and betting every combo. If either leg is an early game, that leg controls the ticket deadline.","This is now a conviction-first parlay rule, but no stake is committed until the earliest leg reaches the one-hour parlay lock window. Sharpie will keep tracking all pair combos daily and should stop favoring Rank 2+3 if its rolling hit rate or ROI loses the lead.",0.0,0.0,0.0,-10.0
2026-06-25,1,Preferred Rank 2+3,HOLD until earliest leg reaches 60-minute parlay window (-600 minutes to first pitch).,-599.5,Jac Caglianone,KC,TB,-192.0,0.6665330760128425,3.0,4.38,James Wood,WSH,PHI,-192.0,0.6746429488709992,1.0,4.54,2.312934027777778,131,0.4496718399213619,0.0400612998875599,0.0,0.0,Watchlist,61.483158783251326,Sharpie Rank 2+3 Preferred,Different-game legs: cleaner risk split and lower shared downside.,"Sharpie is currently prioritizing the Rank 2+3 two-leg parlay because the fixed-rank backtest has outperformed Rank 1+2, Rank 1+3, and betting every combo. If either leg is an early game, that leg controls the ticket deadline.","This is now a conviction-first parlay rule, but no stake is committed until the earliest leg reaches the one-hour parlay lock window. Sharpie will keep tracking all pair combos daily and should stop favoring Rank 2+3 if its rolling hit rate or ROI loses the lead.",0.0,0.0,0.0,-0.0
2026-06-26,1,Qualified,HOLD until earliest leg reaches 60-minute parlay window (79 minutes to first pitch).,78.9,Max Muncy (ATH),ATH,LAA,-152.0,0.6677730607149086,5.0,4.15,Yordan Alvarez,HOU,DET,-272.0,0.7427878117598993,2.0,4.5,2.267414860681115,127,0.4960136905206373,0.1246688129877765,8.0,0.9973505039022124,Medium,79.68783963522226,Sharpie Top 3,Different-game legs: cleaner risk split and lower shared downside.,"Sharpie Top 3: Max Muncy (ATH) and Yordan Alvarez both clear the probability, PA, lineup-slot, and model-agreement gates. Combined price is +127 with modeled success near 49.6%.","Two-leg hit parlays compound baseball variance, so Sharpie only stakes this when the combined EV clears the hurdle. Different-game legs: cleaner risk split and lower shared downside.",1.0,0.0,0.0,-8.0
2026-06-27,1,Hold,Parlay game-time check unavailable; keep as watchlist until start times refresh.,,Fernando Tatis Jr.,SD,LAD,-234.0,0.6482160943371053,1.0,4.54,Luis García Jr.,WSH,BAL,-255.0,0.6502246727917688,2.0,4.5,1.987095692978046,-101,0.4214860978387025,-0.1624667903345909,0.0,0.0,Watchlist,32.757347815250085,Sharpie Hold Watchlist,Different-game legs: cleaner risk split and lower shared downside.,Sharpie is holding the Rank 2+3 parlay idea while the straight-card legs remain flexible. No parlay stake is committed until the earliest leg reaches the one-hour parlay window.,"This replaces the old full-board fallback behavior. Sharpie can rotate these legs during 30-minute refreshes, so this parlay is not accountable yet.",1.0,1.0,1.0,0.0
2026-06-28,1,Qualified,Parlay game-time check unavailable; keep as watchlist until start times refresh.,,Max Muncy,LAD,SD,-139.0,0.6452140000000001,5.0,4.15,Richie Palacios,TB,AZ,-150.0,0.674608,1.0,4.54,2.8657074340527573,187,0.435266526112,0.2473465196734769,8.0,1.978772157387816,Medium,88.7033087951877,Full Board Fallback,Different-game legs: cleaner risk split and lower shared downside.,"Full Board Fallback: Max Muncy and Richie Palacios both clear the probability, PA, lineup-slot, and model-agreement gates. Combined price is +187 with modeled success near 43.5%.","Two-leg hit parlays compound baseball variance, so Sharpie only stakes this when the combined EV clears the hurdle. Different-game legs: cleaner risk split and lower shared downside.",0.0,0.0,0.0,-8.0
2026-06-29,1,Qualified,Parlay game-time check unavailable; keep as watchlist until start times refresh.,,Andrés Chaparro,WSH,BOS,-137.0,0.644248,2.0,4.5,JJ Bleday,CIN,MIL,-157.0,0.640782,4.0,4.28,2.8317913431586774,183,0.412822521936,0.169027243879298,8.0,1.352217951034384,Medium,72.8003009234498,Full Board Fallback,Different-game legs: cleaner risk split and lower shared downside.,"Full Board Fallback: Andrés Chaparro and JJ Bleday both clear the probability, PA, lineup-slot, and model-agreement gates. Combined price is +183 with modeled success near 41.3%.","Two-leg hit parlays compound baseball variance, so Sharpie only stakes this when the combined EV clears the hurdle. Different-game legs: cleaner risk split and lower shared downside.",1.0,1.0,1.0,14.65433074526942
2026-06-30,1,Hold,HOLD until earliest leg reaches 60-minute parlay window (147 minutes to first pitch).,146.8,Vaughn Grissom,LAA,SEA,-186.0,0.6409136659360637,2.0,4.5,Casey Schmitt,SF,AZ,-247.0,0.6522246870051384,3.0,4.38,2.1601584606677986,116,0.4180197151624649,-0.097011175565858,0.0,0.0,Watchlist,38.560262504786735,Sharpie Hold Watchlist,Different-game legs: cleaner risk split and lower shared downside.,Sharpie is holding the Rank 2+3 parlay idea while the straight-card legs remain flexible. No parlay stake is committed until the earliest leg reaches the one-hour parlay window.,"This replaces the old full-board fallback behavior. Sharpie can rotate these legs during 30-minute refreshes, so this parlay is not accountable yet.",0.0,0.0,0.0,-0.0
2026-07-01,1,Pass,Parlay game-time check unavailable; keep as watchlist until start times refresh.,,Max Muncy (ATH),ATH,LAD,-173.0,0.6558919999999999,5.0,4.15,Yordan Alvarez,HOU,MIN,-258.0,0.7244819999999998,2.0,4.42,2.189676031724694,119,0.4751819479439998,0.0404945221212276,0.0,0.0,Watchlist,70.31218856820274,Full Board Fallback,Different-game legs: cleaner risk split and lower shared downside.,"Full Board Fallback: Max Muncy (ATH) and Yordan Alvarez both clear the probability, PA, lineup-slot, and model-agreement gates. Combined price is +119 with modeled success near 47.5%.","Two-leg hit parlays compound baseball variance, so Sharpie only stakes this when the combined EV clears the hurdle. Different-game legs: cleaner risk split and lower shared downside.",1.0,1.0,1.0,0.0
2026-07-02,1,Hold,HOLD until earliest leg reaches 60-minute parlay window (146 minutes to first pitch).,146.1,Nolan Schanuel,LAA,SEA,-178.0,0.6372668043654721,2.0,4.5,Max Muncy,LAD,SD,-169.0,0.6527447860348937,5.0,4.07,2.485938434944485,149,0.4159725838626805,0.0340822341074055,0.0,0.0,Watchlist,55.02630428112819,Sharpie Hold Watchlist,Different-game legs: cleaner risk split and lower shared downside.,Sharpie is holding the Rank 2+3 parlay idea while the straight-card legs remain flexible. No parlay stake is committed until the earliest leg reaches the one-hour parlay window.,"This replaces the old full-board fallback behavior. Sharpie can rotate these legs during 30-minute refreshes, so this parlay is not accountable yet.",1.0,1.0,1.0,0.0
2026-07-03,1,Hold,HOLD until earliest leg reaches 60-minute parlay window (-4 minutes to first pitch).,-4.1,Miguel Vargas,CWS,CLE,-198.0,0.6833428876915467,2.0,4.5,Shohei Ohtani,LAD,SD,-217.0,0.6451998021022557,1.0,4.54,2.198622166364102,120,0.4408926959065699,-0.0306435457917881,0.0,0.0,Watchlist,48.29813413428107,Sharpie Hold Watchlist,Different-game legs: cleaner risk split and lower shared downside.,Sharpie is holding the Rank 2+3 parlay idea while the straight-card legs remain flexible. No parlay stake is committed until the earliest leg reaches the one-hour parlay window.,"This replaces the old full-board fallback behavior. Sharpie can rotate these legs during 30-minute refreshes, so this parlay is not accountable yet.",1.0,0.0,0.0,-0.0
2026-07-04,1,Hold,HOLD until earliest leg reaches 60-minute parlay window (145 minutes to first pitch).,144.9,Ketel Marte,AZ,MIL,-256.0,0.6668830041504215,1.0,4.54,Freddie Freeman,LAD,SD,-254.0,0.6740502413891898,3.0,4.3,1.9381151574803148,-107,0.4495126499259396,-0.1287927196993938,0.0,0.0,Watchlist,41.086613524876384,Sharpie Hold Watchlist,Different-game legs: cleaner risk split and lower shared downside.,Sharpie is holding the Rank 2+3 parlay idea while the straight-card legs remain flexible. No parlay stake is committed until the earliest leg reaches the one-hour parlay window.,"This replaces the old full-board fallback behavior. Sharpie can rotate these legs during 30-minute refreshes, so this parlay is not accountable yet.",,,,
2026-07-05,1,Hold,HOLD until earliest leg reaches 60-minute parlay window (135 minutes to first pitch).,135.0,Anthony Seigler,BOS,LAA,-218.0,0.6541407365783614,1.0,4.62,Willson Contreras,BOS,LAA,-231.0,0.6692444242119842,4.0,4.28,2.090194209460265,109,0.3940020365444898,-0.1764592246991558,0.0,0.0,Watchlist,30.4342200881987,Sharpie Hold Watchlist,"Same-team parlay: higher upside if the lineup rolls, but shared pitcher/weather downside gets a haircut.",Sharpie is holding the Rank 2+3 parlay idea while the straight-card legs remain flexible. No parlay stake is committed until the earliest leg reaches the one-hour parlay window.,"This replaces the old full-board fallback behavior. Sharpie can rotate these legs during 30-minute refreshes, so this parlay is not accountable yet.",1.0,1.0,1.0,0.0
2026-07-06,1,Hold,HOLD until earliest leg reaches 60-minute parlay window (144 minutes to first pitch).,143.8,Ketel Marte,AZ,SD,-261.0,0.709597995935166,1.0,4.62,Kyle Karros,COL,LAD,-215.0,0.6484411309570685,2.0,4.5,2.026463512429832,103,0.4601325270090683,-0.067558223133989,0.0,0.0,Watchlist,47.45345457723588,Sharpie Hold Watchlist,Different-game legs: cleaner risk split and lower shared downside.,Sharpie is holding the Rank 2+3 parlay idea while the straight-card legs remain flexible. No parlay stake is committed until the earliest leg reaches the one-hour parlay window.,"This replaces the old full-board fallback behavior. Sharpie can rotate these legs during 30-minute refreshes, so this parlay is not accountable yet.",,,,
2026-07-07,1,Pass,HOLD until earliest leg reaches 60-minute parlay window (3 minutes to first pitch).,2.8,Tyler Freeman,COL,LAD,-206.0,0.6422232147540657,2.62,4.43,Bo Bichette,NYM,KC,-269.0,0.6604696370480161,2.22,4.47,2.037643916699751,104,0.4241689335524279,-0.1356947528938744,0.0,-0.0,Watchlist,35.62235005928251,Sharpie Hold Watchlist,Different-game legs: cleaner risk split and lower shared downside.,"Sharpie Hold Watchlist: Tyler Freeman and Bo Bichette both clear the probability, PA, lineup-slot, and model-agreement gates. Combined price is +104 with modeled success near 42.4%.","Earliest leg reached the parlay decision window, but the combined ticket did not clear the EV/stake hurdle.",1.0,1.0,1.0,0.0
2026-07-08,1,Pass,HOLD until earliest leg reaches 60-minute parlay window (52 minutes to first pitch).,52.5,Mike Trout,LAA,TEX,-159.0,0.6671269248450391,2.0,4.5,Ketel Marte,AZ,SD,-230.0,0.6640692695158416,1.0,4.62,2.3371616078753075,134,0.4430184896561948,0.0354058056033625,0.0,0.0,Watchlist,60.0518748362699,Sharpie Hold Watchlist,Different-game legs: cleaner risk split and lower shared downside.,"Sharpie Hold Watchlist: Mike Trout and Ketel Marte both clear the probability, PA, lineup-slot, and model-agreement gates. Combined price is +134 with modeled success near 44.3%.","Earliest leg reached the parlay decision window, but the combined ticket did not clear the EV/stake hurdle.",,,,
2026-07-09,1,Hold,HOLD until earliest leg reaches 60-minute parlay window (203 minutes to first pitch).,203.0,Otto Lopez,MIA,SEA,-266.0,0.684884155403295,2.0,4.42,Ketel Marte,AZ,SD,-251.0,0.6699813082941487,1.0,4.62,1.9241230566455985,-108,0.4588595824670326,-0.1170976976124102,0.0,0.0,Watchlist,42.910401011451256,Sharpie Hold Watchlist,Different-game legs: cleaner risk split and lower shared downside.,Sharpie is holding the Rank 2+3 parlay idea while the straight-card legs remain flexible. No parlay stake is committed until the earliest leg reaches the one-hour parlay window.,"This replaces the old full-board fallback behavior. Sharpie can rotate these legs during 30-minute refreshes, so this parlay is not accountable yet.",,,,
2026-07-10,1,Pass,HOLD until earliest leg reaches 60-minute parlay window (27 minutes to first pitch).,27.3,Shea Langeliers,ATH,CWS,-222.0,0.7128056290443415,2.0,4.5,Ketel Marte,AZ,LAD,-229.0,0.6543659958005079,1.0,4.62,2.0838349266296867,108,0.4664357652618079,-0.0280248613181985,0.0,-0.0,Watchlist,53.34801743650669,Sharpie Hold Watchlist,Different-game legs: cleaner risk split and lower shared downside.,"Sharpie Hold Watchlist: Shea Langeliers and Ketel Marte both clear the probability, PA, lineup-slot, and model-agreement gates. Combined price is +108 with modeled success near 46.6%.","Earliest leg reached the parlay decision window, but the combined ticket did not clear the EV/stake hurdle.",,,,
2026-07-11,1,Pass,HOLD until earliest leg reaches 60-minute parlay window (-302 minutes to first pitch).,-302.5,Jonathan Aranda,TB,SEA,-166.0,0.6333853503203846,2.0,4.42,Randal Grichuk,CWS,ATH,-211.0,0.6490069126072818,1.0,4.54,2.361845486210244,136,0.4110714707021144,-0.0291127024124046,0.0,-0.0,Watchlist,46.36373270790755,Sharpie Top 3,Different-game legs: cleaner risk split and lower shared downside.,"Sharpie Top 3: Jonathan Aranda and Randal Grichuk both clear the probability, PA, lineup-slot, and model-agreement gates. Combined price is +136 with modeled success near 41.1%.","Sharpie's top-three straight-bet combinations did not clear the parlay EV/risk hurdle, so this is a watchlist read rather than a recommended parlay.",1.0,1.0,1.0,0.0
2026-07-12,1,Qualified,HOLD until earliest leg reaches 60-minute parlay window (-332 minutes to first pitch).,-332.5,Kyle Schwarber,PHI,DET,-160.0,0.6499203638550171,2.0,4.5,J.P. Crawford,SEA,TB,-168.0,0.6514759999999999,1.0,4.62,2.592261904761905,159,0.423407518962811,0.097583181597049,8.0,0.7806654527763923,Medium,65.89684448710167,Sharpie Top 3 + Alternate,Different-game legs: cleaner risk split and lower shared downside.,"Sharpie Top 3 + Alternate: Kyle Schwarber and J.P. Crawford both clear the probability, PA, lineup-slot, and model-agreement gates. Combined price is +159 with modeled success near 42.3%.","Two-leg hit parlays compound baseball variance, so Sharpie only stakes this when the combined EV clears the hurdle. Different-game legs: cleaner risk split and lower shared downside.",1.0,1.0,1.0,12.73809523809524
2026-07-16,1,Pass,Parlay game-time check unavailable; keep as watchlist until start times refresh.,,Bryce Harper,PHI,NYM,-252.0,0.644626,3.0,4.3,Juan Soto,NYM,PHI,-235.0,0.665078,2.0,4.5,1.991219182708544,-101,0.4030029765783199,-0.1975327423486071,0.0,-0.0,Watchlist,28.95693412562168,Full Board Fallback,Same-game or shared-opponent exposure: slight correlation haircut applied.,"Full Board Fallback: Bryce Harper and Juan Soto both clear the probability, PA, lineup-slot, and model-agreement gates. Combined price is -101 with modeled success near 40.3%.","Two-leg hit parlays compound baseball variance, so Sharpie only stakes this when the combined EV clears the hurdle. Same-game or shared-opponent exposure: slight correlation haircut applied.",1.0,1.0,1.0,0.0
2026-07-17,1,Locked,"LOCKED by earliest leg: 57 minutes to first pitch. For parlays, the first game controls the ticket deadline even when later legs start after it.",57.3,Travis Bazzana,CLE,PIT,-225.0,0.6291068198092203,1.0,4.54,Trevor Larnach,MIN,CHC,-252.0,0.6554310700297201,1.0,4.62,2.017636684303351,102,0.4123361560705516,-0.1680554452474232,10.0,-1.6805544524742322,Watchlist,27.05798640019629,Sharpie Rank 2+3 Preferred,Different-game legs: cleaner risk split and lower shared downside.,"Sharpie is currently prioritizing the Rank 2+3 two-leg parlay because the fixed-rank backtest has outperformed Rank 1+2, Rank 1+3, and betting every combo. If either leg is an early game, that leg controls the ticket deadline.","This is now a conviction-first parlay rule, but no stake is committed until the earliest leg reaches the one-hour parlay lock window. Sharpie will keep tracking all pair combos daily and should stop favoring Rank 2+3 if its rolling hit rate or ROI loses the lead.",,,,
2026-07-18,1,Preferred Rank 2+3,HOLD until earliest leg reaches 60-minute parlay window (-293 minutes to first pitch).,-292.7,Austin Martin,MIN,CHC,-207.0,0.6600892512356766,1.0,4.62,Yordan Alvarez,HOU,BAL,-237.0,0.7253446646161217,2.0,4.42,2.10886891294156,111,0.4787922165542487,0.0097100212496384,0.0,0.0,Watchlist,61.48645728376126,Sharpie Rank 2+3 Preferred,Different-game legs: cleaner risk split and lower shared downside.,"Sharpie is currently prioritizing the Rank 2+3 two-leg parlay because the fixed-rank backtest has outperformed Rank 1+2, Rank 1+3, and betting every combo. If either leg is an early game, that leg controls the ticket deadline.","This is now a conviction-first parlay rule, but no stake is committed until the earliest leg reaches the one-hour parlay lock window. Sharpie will keep tracking all pair combos daily and should stop favoring Rank 2+3 if its rolling hit rate or ROI loses the lead.",0.0,1.0,0.0,-0.0
2026-07-19,1,Preferred Rank 2+3,HOLD until earliest leg reaches 60-minute parlay window (-338 minutes to first pitch).,-337.7,Brandon Nimmo,TEX,ATL,-241.0,0.642047789286754,4.0,4.28,Iván Herrera,STL,AZ,-256.0,0.6453475090159497,2.0,4.5,1.967647821576764,-103,0.414343941485404,-0.1847170461527147,0.0,-0.0,Watchlist,30.03237128870681,Sharpie Rank 2+3 Preferred,Different-game legs: cleaner risk split and lower shared downside.,"Sharpie is currently prioritizing the Rank 2+3 two-leg parlay because the fixed-rank backtest has outperformed Rank 1+2, Rank 1+3, and betting every combo. If either leg is an early game, that leg controls the ticket deadline.","This is now a conviction-first parlay rule, but no stake is committed until the earliest leg reaches the one-hour parlay lock window. Sharpie will keep tracking all pair combos daily and should stop favoring Rank 2+3 if its rolling hit rate or ROI loses the lead.",0.0,1.0,0.0,-0.0
2026-07-20,1,Hold,HOLD until earliest leg reaches 60-minute parlay window (147 minutes to first pitch).,147.2,Iván Herrera,STL,LAA,-240.0,0.638043317572004,2.0,4.5,Julio Rodríguez,SEA,CIN,-256.0,0.6510197186661928,2.0,4.42,1.9700520833333333,-103,0.4153787811025703,-0.1816821669164204,0.0,0.0,Watchlist,28.90829798553788,Sharpie Hold Watchlist,Different-game legs: cleaner risk split and lower shared downside.,Sharpie is holding the Rank 2+3 parlay idea while the straight-card legs remain flexible. No parlay stake is committed until the earliest leg reaches the one-hour parlay window.,"This replaces the old full-board fallback behavior. Sharpie can rotate these legs during 30-minute refreshes, so this parlay is not accountable yet.",0.0,1.0,0.0,-0.0
2026-07-21,1,Hold,HOLD until earliest leg reaches 60-minute parlay window (-6 minutes to first pitch).,-6.1,Vladimir Guerrero Jr.,TOR,TB,-239.0,0.6534017906001975,2.0,4.42,Sal Stewart,CIN,SEA,-254.0,0.6930625486662653,2.0,4.5,1.976839192172108,-102,0.4528483102964742,-0.1047917120970137,0.0,0.0,Watchlist,42.22021051105182,Sharpie Hold Watchlist,Different-game legs: cleaner risk split and lower shared downside.,Sharpie is holding the Rank 2+3 parlay idea while the straight-card legs remain flexible. No parlay stake is committed until the earliest leg reaches the one-hour parlay window.,"This replaces the old full-board fallback behavior. Sharpie can rotate these legs during 30-minute refreshes, so this parlay is not accountable yet.",0.0,0.0,0.0,-0.0
2026-07-22,1,Locked,"LOCKED by earliest leg: 34 minutes to first pitch. For parlays, the first game controls the ticket deadline even when later legs start after it.",34.4,Trent Grisham,NYY,PIT,-264.0,0.6433961900015804,1.0,4.54,Taylor Ward,BAL,BOS,-250.0,0.6821123226170476,1.0,4.62,1.9303030303030304,-107,0.4388684695249373,-0.1528508633715604,10.0,-1.528508633715604,Watchlist,37.93570652958957,Sharpie Rank 2+3 Preferred,Different-game legs: cleaner risk split and lower shared downside.,"Sharpie is currently prioritizing the Rank 2+3 two-leg parlay because the fixed-rank backtest has outperformed Rank 1+2, Rank 1+3, and betting every combo. If either leg is an early game, that leg controls the ticket deadline.","This is now a conviction-first parlay rule, but no stake is committed until the earliest leg reaches the one-hour parlay lock window. Sharpie will keep tracking all pair combos daily and should stop favoring Rank 2+3 if its rolling hit rate or ROI loses the lead.",0.0,1.0,0.0,-10.0
2026-07-23,1,Preferred Rank 2+3,HOLD until earliest leg reaches 60-minute parlay window (-418 minutes to first pitch).,-418.1,Mauricio Dubón,ATL,SD,-258.0,0.594091132634396,5.0,4.07,Jonathan Aranda,TB,TOR,-239.0,0.6470489638831056,2.0,4.5,1.968181375887905,-103,0.3844060518232265,-0.2434191680229245,0.0,-0.0,Watchlist,14.566506825333406,Sharpie Rank 2+3 Preferred,Different-game legs: cleaner risk split and lower shared downside.,"Sharpie is currently prioritizing the Rank 2+3 two-leg parlay because the fixed-rank backtest has outperformed Rank 1+2, Rank 1+3, and betting every combo. If either leg is an early game, that leg controls the ticket deadline.","This is now a conviction-first parlay rule, but no stake is committed until the earliest leg reaches the one-hour parlay lock window. Sharpie will keep tracking all pair combos daily and should stop favoring Rank 2+3 if its rolling hit rate or ROI loses the lead.",1.0,0.0,0.0,-0.0
2026-07-24,1,Pass,HOLD until earliest leg reaches 60-minute parlay window (-34 minutes to first pitch).,-34.2,Chase DeLauter,CLE,TB,-259.0,0.6518515926058245,2.0,4.5,Seiya Suzuki,CHC,PIT,-204.0,0.6397127387750264,2.0,4.5,2.065561359679007,107,0.4169977675807347,-0.138665524212827,0.0,0.0,Watchlist,34.32329130936873,Sharpie Top 3,Different-game legs: cleaner risk split and lower shared downside.,"Sharpie Top 3: Chase DeLauter and Seiya Suzuki both clear the probability, PA, lineup-slot, and model-agreement gates. Combined price is +107 with modeled success near 41.7%.",No parlay stake because Sharpie's straight-bet card already uses the full daily bankroll.,1.0,0.0,0.0,-0.0
2026-07-25,1,Locked,"LOCKED by earliest leg: 9 minutes to first pitch. For parlays, the first game controls the ticket deadline even when later legs start after it.",9.4,Kyle Stowers,MIA,SD,-218.0,0.6399476518318937,2.0,4.42,Ben Rice,NYY,PHI,-241.0,0.6820233015583841,2.0,4.5,2.063991777380182,106,0.4364592103269234,-0.0991517787233826,10.0,-0.9915177872338266,Watchlist,40.13696685054637,Sharpie Rank 2+3 Preferred,Different-game legs: cleaner risk split and lower shared downside.,"Sharpie is currently prioritizing the Rank 2+3 two-leg parlay because the fixed-rank backtest has outperformed Rank 1+2, Rank 1+3, and betting every combo. If either leg is an early game, that leg controls the ticket deadline.","This is now a conviction-first parlay rule, but no stake is committed until the earliest leg reaches the one-hour parlay lock window. Sharpie will keep tracking all pair combos daily and should stop favoring Rank 2+3 if its rolling hit rate or ROI loses the lead.",1.0,0.0,0.0,-10.0
2026-07-26,1,Preferred Rank 2+3,HOLD until earliest leg reaches 60-minute parlay window (-303 minutes to first pitch).,-303.4,Max Muncy (LAD),ATH,NYM,-179.0,0.663437333385473,4.0,4.28,Sam Antonacci,CWS,HOU,-262.0,0.6916089032977988,1.0,4.54,2.153567316303467,115,0.458839166549543,-0.0118589674789809,0.0,-0.0,Watchlist,57.43284491056991,Sharpie Rank 2+3 Preferred,Different-game legs: cleaner risk split and lower shared downside.,"Sharpie is currently prioritizing the Rank 2+3 two-leg parlay because the fixed-rank backtest has outperformed Rank 1+2, Rank 1+3, and betting every combo. If either leg is an early game, that leg controls the ticket deadline.","This is now a conviction-first parlay rule, but no stake is committed until the earliest leg reaches the one-hour parlay lock window. Sharpie will keep tracking all pair combos daily and should stop favoring Rank 2+3 if its rolling hit rate or ROI loses the lead.",0.0,1.0,0.0,-0.0
2026-07-27,1,Preferred Rank 2+3,HOLD until earliest leg reaches 60-minute parlay window (-278 minutes to first pitch).,-278.4,Brandon Nimmo,TEX,SEA,-237.0,0.6401801212749274,4.0,4.2,Kevin McGonigle,DET,BAL,-237.0,0.6559624284892224,1.0,4.54,2.021916003489469,102,0.4199341070220262,-0.1509285086011055,0.0,-0.0,Watchlist,33.80253663143128,Sharpie Rank 2+3 Preferred,Different-game legs: cleaner risk split and lower shared downside.,"Sharpie is currently prioritizing the Rank 2+3 two-leg parlay because the fixed-rank backtest has outperformed Rank 1+2, Rank 1+3, and betting every combo. If either leg is an early game, that leg controls the ticket deadline.","This is now a conviction-first parlay rule, but no stake is committed until the earliest leg reaches the one-hour parlay lock window. Sharpie will keep tracking all pair combos daily and should stop favoring Rank 2+3 if its rolling hit rate or ROI loses the lead.",1.0,1.0,1.0,0.0
2026-07-28,1,Locked,"LOCKED by earliest leg: 57 minutes to first pitch. For parlays, the first game controls the ticket deadline even when later legs start after it.",56.6,Jonathan Aranda,TB,TEX,-252.0,0.6460155646572242,2.0,4.42,Corbin Carroll,AZ,PIT,-254.0,0.6538699432871764,1.0,4.62,1.9467566554180729,-106,0.4224101606250524,-0.177670208486962,10.0,-1.776702084869621,Watchlist,32.80169039505746,Sharpie Rank 2+3 Preferred,Different-game legs: cleaner risk split and lower shared downside.,"Sharpie is currently prioritizing the Rank 2+3 two-leg parlay because the fixed-rank backtest has outperformed Rank 1+2, Rank 1+3, and betting every combo. If either leg is an early game, that leg controls the ticket deadline.","This is now a conviction-first parlay rule, but no stake is committed until the earliest leg reaches the one-hour parlay lock window. Sharpie will keep tracking all pair combos daily and should stop favoring Rank 2+3 if its rolling hit rate or ROI loses the lead.",,,,
2026-07-29,1,Preferred Rank 2+3,HOLD until earliest leg reaches 60-minute parlay window (-398 minutes to first pitch).,-398.4,Luis Garcia (WAS),MIN,TOR,-259.0,0.6313752366102099,2.0,4.42,Geraldo Perdomo,AZ,PIT,-198.0,0.6319908008857771,2.0,4.5,2.0861510861510864,109,0.3990233414447335,-0.1675770228454333,0.0,-0.0,Watchlist,26.17393161658801,Sharpie Rank 2+3 Preferred,Different-game legs: cleaner risk split and lower shared downside.,"Sharpie is currently prioritizing the Rank 2+3 two-leg parlay because the fixed-rank backtest has outperformed Rank 1+2, Rank 1+3, and betting every combo. If either leg is an early game, that leg controls the ticket deadline.","This is now a conviction-first parlay rule, but no stake is committed until the earliest leg reaches the one-hour parlay lock window. Sharpie will keep tracking all pair combos daily and should stop favoring Rank 2+3 if its rolling hit rate or ROI loses the lead.",,,,
2026-07-30,1,Hold,HOLD until earliest leg reaches 60-minute parlay window (-298 minutes to first pitch).,-298.5,Seiya Suzuki,CHC,STL,-247.0,0.6475572482082662,2.0,4.5,Heliot Ramos,SF,SD,-244.0,0.655504981506489,2.0,4.5,1.980619897789872,-102,0.4244770020111524,-0.1592724036625201,0.0,0.0,Watchlist,31.78614977452866,Sharpie Hold Watchlist,Different-game legs: cleaner risk split and lower shared downside.,Sharpie is holding the Rank 2+3 parlay idea while the straight-card legs remain flexible. No parlay stake is committed until the earliest leg reaches the one-hour parlay window.,"This replaces the old full-board fallback behavior. Sharpie can rotate these legs during 30-minute refreshes, so this parlay is not accountable yet.",0.0,1.0,0.0,-0.0
2026-07-31,1,Preferred Rank 2+3,HOLD until earliest leg reaches 60-minute parlay window (-294 minutes to first pitch).,-293.5,Paul Goldschmidt,NYY,CHC,-222.0,0.6535957105408035,1.0,4.62,Liam Hicks,MIA,NYM,-258.0,0.6702073259452768,1.0,4.62,2.0126405475242684,101,0.438044633410855,-0.1183736091719093,0.0,-0.0,Watchlist,38.32576342156892,Sharpie Rank 2+3 Preferred,Different-game legs: cleaner risk split and lower shared downside.,"Sharpie is currently prioritizing the Rank 2+3 two-leg parlay because the fixed-rank backtest has outperformed Rank 1+2, Rank 1+3, and betting every combo. If either leg is an early game, that leg controls the ticket deadline.","This is now a conviction-first parlay rule, but no stake is committed until the earliest leg reaches the one-hour parlay lock window. Sharpie will keep tracking all pair combos daily and should stop favoring Rank 2+3 if its rolling hit rate or ROI loses the lead.",0.0,0.0,0.0,-0.0
2026-08-01,1,Locked,"LOCKED by earliest leg: 56 minutes to first pitch. For parlays, the first game controls the ticket deadline even when later legs start after it.",56.2,Randy Arozarena,SEA,MIN,-221.0,0.6065792564149949,2.0,4.42,Sam Antonacci,CWS,TB,-207.0,0.6675078223590101,1.0,4.62,2.15417404419962,115,0.4048963985377208,-0.1277826876801371,10.0,-1.2778268768013716,Watchlist,31.56447912962674,Sharpie Rank 2+3 Preferred,Different-game legs: cleaner risk split and lower shared downside.,"Sharpie is currently prioritizing the Rank 2+3 two-leg parlay because the fixed-rank backtest has outperformed Rank 1+2, Rank 1+3, and betting every combo. If either leg is an early game, that leg controls the ticket deadline.","This is now a conviction-first parlay rule, but no stake is committed until the earliest leg reaches the one-hour parlay lock window. Sharpie will keep tracking all pair combos daily and should stop favoring Rank 2+3 if its rolling hit rate or ROI loses the lead.",1.0,0.0,0.0,-10.0
2026-08-02,1,Hold,HOLD until earliest leg reaches 60-minute parlay window (306 minutes to first pitch).,305.8,Liam Hicks,MIA,NYM,-247.0,0.670440355909868,1.0,4.62,Freddie Freeman,LAD,BOS,-245.0,0.6891971832823265,3.02,4.38,1.9782698504503016,-102,0.4620656048518815,-0.08590954499144038,0.0,0.0,Watchlist,47.25363784048766,Sharpie Hold Watchlist,Different-game legs: cleaner risk split and lower shared downside.,Sharpie is holding the Rank 2+3 parlay idea while the straight-card legs remain flexible. No parlay stake is committed until the earliest leg reaches the one-hour parlay window.,"This replaces the old full-board fallback behavior. Sharpie can rotate these legs during 30-minute refreshes, so this parlay is not accountable yet.",,,,
