lookup_date,player,team,opponent,sportsbook,odds,odds_source,opening_odds,current_snapshot_odds,odds_movement,odds_snapshot_count,batting_order,confirmed_lineup,lineup_status,lineup_source,opposing_pitcher,projected_pa,model_hit_probability,secondary_hit_probability,third_hit_probability,markov_hit_probability,edgestate_hit_probability,pa_path_hit_probability,swing_hit_probability,bookbias_model_probability,edge,grade,confidence,implied_probability,fair_odds,team_trust_picks,team_trust_hit_rate,team_trust_avg_probability,team_trust_gap,team_trust_adjustment,pitch_mix_matchup_score,pitch_mix_primary_pitch,pitch_mix_data_status,opponent_bullpen_fatigue_score,player_history_sample,player_history_hit_rate,player_history_avg_probability,player_history_gap,player_history_adjustment,pa_path_relative_value_score,pa_path_relative_rank,bookbias_recommendation,bookbias_signal_agreement,bookbias_key_reason,swing_recommendation,swing_key_reason,markov_signal,markov_state,edgestate_signal,edgestate_setup,edgestate_value_state,market_coverage_status,pa_path_notes,pa_path_pass_filter
2026-10-01,Austin Riley,ATL,PHI,DraftKings,-137,PropLine,-137,-137,0,2,4.71,False,Lineup Wait,,Aaron Nola,4.19,0.5764,0.611,0.6201,0.5114,0.5247,0.6428,0.5715,0.4981,-0.0017,Pass,Pass,0.5780590717299579,-136,883,0.5855,0.6143,-0.0288,-0.0288,-0.1626123499999999,CU,matched,0.8,88.0,0.5227272727272727,0.5772891098484849,-0.05456183712121221,-0.05456183712121221,21.86,4,Avoid / Overpriced,Strong Negative,market has historically overpriced similar buckets,Pass,no single dominant edge,Downgrade,Neutral,Avoid/Fade,Neutral,Fair,Covered,balanced PA path,True
2026-10-01,Drake Baldwin,ATL,PHI,DraftKings,-250,PropLine,-257,-250,7,2,1.72,False,Lineup Wait,,Aaron Nola,4.53,0.7007,0.6957,0.6862,0.7557,0.677,0.7278,0.7169,0.6343,-0.0136,Pass,Pass,0.7142857142857143,-234,883,0.5855,0.6143,-0.0288,-0.0288,0.12265075000000007,CU,matched,0.8,88.0,0.6704545454545454,0.6853441761363637,-0.014889630681818256,-0.014889630681818256,8.65,10,Avoid / Overpriced,Strong Negative,market has historically overpriced similar buckets,Pass,PA opportunity,Upgrade,Strong/Locked,Avoid/Fade,Constructive,Fair,Covered,balanced PA path,True
2026-10-01,Matt Olson,ATL,PHI,DraftKings,-202,PropLine,-194,-202,-8,2,3.08,False,Lineup Wait,,Aaron Nola,4.37,0.6773,0.6755,0.6622,0.7323,0.6553,0.6861,0.6932,0.5889,0.0084,Pass,Pass,0.6688741721854304,-210,883,0.5855,0.6143,-0.0288,-0.0288,-0.013946249999999962,CU,matched,0.8,118.0,0.6101694915254238,0.6582816384180791,-0.048112146892655305,-0.048112146892655305,6.59,11,Avoid / Overpriced,Strong Negative,market has historically overpriced similar buckets,Pass,no single dominant edge,Upgrade,Strong/Locked,Avoid/Fade,Constructive,Fair,Covered,balanced PA path,True
2026-10-01,Mauricio Dubon,ATL,PHI,DraftKings,-215,PropLine,-223,-215,8,2,3.88,False,Lineup Wait,,Aaron Nola,4.29,0.6196,0.6384,0.6472,0.5546,0.6063,0.6663,0.6101,0.6025,-0.0629,Pass,Pass,0.6825396825396826,-163,883,0.5855,0.6143,-0.0288,-0.0288,0.01707835000000002,CU,matched,0.8,75.0,0.7333333333333333,0.6149412777777777,0.11839205555555554,0.08,6.34,12,Avoid / Overpriced,Strong Negative,market has historically overpriced similar buckets,Pass,no single dominant edge,Downgrade,Neutral,Avoid/Fade,Neutral,Overpriced,Covered,balanced PA path,True
2026-10-01,Mike Yastrzemski,ATL,PHI,DraftKings,-117,PropLine,-117,-117,0,2,5.0,False,Lineup Wait,,Aaron Nola,4.15,0.5704,0.6061,0.6217,0.5054,0.5227,0.6436,0.5679,0.4592,0.0312,Lean,Pass,0.5391705069124424,-133,883,0.5855,0.6143,-0.0288,-0.0288,-0.03761409999999994,CU,matched,0.8,58.0,0.43103448275862066,0.5596939655172414,-0.1286594827586207,-0.08,30.92,2,Avoid / Overpriced,Strong Negative,market has historically overpriced similar buckets,Lineup/Price Watch,no single dominant edge,Downgrade,Neutral,Avoid/Fade,Neutral,Value,Covered,market mispricing,True
2026-10-01,Ozzie Albies,ATL,PHI,DraftKings,-172,PropLine,-178,-172,6,2,3.43,False,Lineup Wait,,Aaron Nola,4.34,0.607,0.6336,0.6444,0.542,0.5994,0.6631,0.6024,0.5524,-0.0254,Pass,Pass,0.6323529411764706,-154,883,0.5855,0.6143,-0.0288,-0.0288,0.061406350000000026,CU,matched,0.8,105.0,0.6,0.605761507936508,-0.005761507936507981,-0.005761507936507981,19.25,6,Avoid / Overpriced,Strong Negative,market has historically overpriced similar buckets,Pass,no single dominant edge,Downgrade,Neutral,Avoid/Fade,Neutral,Overpriced,Covered,balanced PA path,True
2026-10-01,Ronald Acuna Jr.,ATL,PHI,DraftKings,-242,PropLine,-266,-242,24,2,1.56,False,Lineup Wait,,Aaron Nola,4.55,0.6714,0.6762,0.6746,0.6064,0.6536,0.7148,0.66,0.6276,-0.0362,Pass,Pass,0.7076023391812866,-204,883,0.5855,0.6143,-0.0288,-0.0288,-0.00698573529411761,CU,matched,0.8,39.0,0.7692307692307693,0.6474538461538462,0.12177692307692312,0.08,5.73,13,Avoid / Overpriced,Strong Negative,market has historically overpriced similar buckets,Pass,PA opportunity,Downgrade,Improving,Avoid/Fade,Neutral,Overpriced,Covered,balanced PA path,True
2026-10-01,Sean Murphy,ATL,PHI,DraftKings,-104,PropLine,-114,-104,10,2,5.0,False,Lineup Wait,,Aaron Nola,4.15,0.5564,0.6069,0.6086,0.4914,0.5099,0.6318,0.555,0.4298,0.0466,Lean,Pass,0.5098039215686274,-125,883,0.5855,0.6143,-0.0288,-0.0288,,,missing player/pitcher pitch mix,0.8,17.0,0.4117647058823529,0.5496132352941177,-0.13784852941176473,-0.08,35.34,1,Avoid / Overpriced,Strong Negative,market has historically overpriced similar buckets,Lineup/Price Watch,relative price,Downgrade,Cold/Weak,Watch,Neutral,Value,Covered,market mispricing,True
2026-10-01,Alec Bohm,PHI,ATL,DraftKings,-259,PropLine,-235,-259,-24,2,4.57,False,Lineup Wait,,Ray Kerr,4.21,0.5536,0.5994,0.6197,0.4886,0.5781,0.6393,0.5558,0.6414,-0.1678,Pass,Pass,0.7214484679665738,-124,748,0.5922,0.6165,-0.0242,-0.0242,,,missing player/pitcher pitch mix,0.9444444444444444,112.0,0.6607142857142857,0.5783225074404762,0.0823917782738095,0.08,-6.98,17,Avoid / Overpriced,Strong Negative,market has historically overpriced similar buckets,Pass,no single dominant edge,Downgrade,Cold/Weak,Avoid/Fade,Weak,Overpriced,Covered,balanced PA path,True
2026-10-01,Brandon Marsh,PHI,ATL,DraftKings,-143,PropLine,-160,-143,17,2,4.24,False,Lineup Wait,,Ray Kerr,4.25,0.6598,0.6554,0.6583,0.5948,0.5992,0.6791,0.6357,0.5085,0.0713,B+,Lineup Wait,0.588477366255144,-194,748,0.5922,0.6165,-0.0242,-0.0242,,,missing player/pitcher pitch mix,0.9444444444444444,96.0,0.5520833333333334,0.6387029079861112,-0.08661957465277781,-0.08,10.47,8,Avoid / Overpriced,Strong Negative,market has historically overpriced similar buckets,Lineup/Price Watch,no single dominant edge,Downgrade,Improving,Watch,Constructive,Value,Covered,market mispricing,True
2026-10-01,Bryce Harper,PHI,ATL,DraftKings,-215,PropLine,-221,-215,6,2,2.97,False,Lineup Wait,,Ray Kerr,4.38,0.6781,0.6733,0.6658,0.7331,0.6553,0.6881,0.6895,0.6025,-0.0044,Pass,Pass,0.6825396825396826,-211,748,0.5922,0.6165,-0.0242,-0.0242,,,missing player/pitcher pitch mix,0.9444444444444444,119.0,0.6302521008403361,0.6659551820728291,-0.035703081232492995,-0.035703081232492995,4.42,14,Avoid / Overpriced,Strong Negative,market has historically overpriced similar buckets,Pass,no single dominant edge,Upgrade,Strong/Locked,Avoid/Fade,Constructive,Fair,Covered,balanced PA path,True
2026-10-01,Bryson Stott,PHI,ATL,DraftKings,-224,PropLine,-208,-224,-16,2,4.39,False,Lineup Wait,,Ray Kerr,4.23,0.5939,0.6205,0.6327,0.5289,0.6165,0.6532,0.5888,0.6114,-0.0975,Pass,Pass,0.691358024691358,-146,748,0.5922,0.6165,-0.0242,-0.0242,,,missing player/pitcher pitch mix,0.9444444444444444,76.0,0.6052631578947368,0.5975554276315789,0.007707730263157964,0.007707730263157964,-2.56,16,Avoid / Overpriced,Strong Negative,market has historically overpriced similar buckets,Pass,no single dominant edge,Downgrade,Neutral,Avoid/Fade,Weak,Overpriced,Covered,balanced PA path,True
2026-10-01,Kyle Schwarber,PHI,ATL,DraftKings,-177,PropLine,-171,-177,-6,2,1.42,False,Lineup Wait,,Ray Kerr,4.57,0.6586,0.6699,0.662,0.5936,0.623,0.704,0.65,0.559,0.0196,Pass,Pass,0.6389891696750902,-193,748,0.5922,0.6165,-0.0242,-0.0242,,,missing player/pitcher pitch mix,0.9444444444444444,115.0,0.5739130434782609,0.6456791304347826,-0.07176608695652176,-0.07176608695652176,20.99,5,Avoid / Overpriced,Strong Negative,market has historically overpriced similar buckets,Pass,PA opportunity,Downgrade,Improving,Avoid/Fade,Constructive,Fair,Covered,balanced PA path,True
2026-10-01,Bryan De La Cruz,,,DraftKings,-137,PropLine,-123,-137,-14,2,5.0,False,Lineup Wait,,,4.15,0.6157,0.6157,0.6251,0.5507,0.552,0.6483,0.5944,0.4981,0.0376,Lean,Pass,0.5780590717299579,-160,0,,,0.0,0.0,,,missing player/pitcher pitch mix,,8.0,0.375,0.5916,-0.21660000000000001,-0.08,26.0,3,Avoid / Overpriced,Strong Negative,market has historically overpriced similar buckets,Pass,no single dominant edge,Downgrade,Neutral,Avoid/Fade,Neutral,Value,Covered,market mispricing,True
2026-10-01,Michael Harris,,,DraftKings,-235,PropLine,-235,-235,0,1,5.0,False,Lineup Wait,,,4.15,0.6157,0.6157,0.6251,0.5507,0.6259,0.6483,0.5982,0.6215,-0.0858,Pass,Pass,0.7014925373134329,-160,0,,,0.0,0.0,,,missing player/pitcher pitch mix,,0.0,,,0.0,0.0,-1.15,15,Avoid / Overpriced,Strong Negative,market has historically overpriced similar buckets,Pass,no single dominant edge,Downgrade,Neutral,Avoid/Fade,Weak,Overpriced,Covered,balanced PA path,True
