pick_date,player,team,opponent,odds,confirmed_lineup,lineup_slot,projected_pa,sol_linear_probability,sol_linear_rank,sol_support_candidate,sol_precision_approved,sol_precision_reason,sol_support_tier,sol_support_adjustment,probability_mean,probability_min,probability_spread,implied_probability,sol_lead_risk_warning,sol_lead_risk_reason
2026-09-30,Trea Turner,PHI,ATL,-259,True,1.0,4.62,0.7112333075613374,1,True,True,Core Sol support candidate.,Primary Sol support,18.0,0.6316875,0.5452,0.1523,0.7214484679665738,True,Lead caution: model floor below 57% and model spread above 15 points; historical sample 2/6.
2026-09-30,Mauricio Dubón,ATL,PHI,-246,True,5.0,4.07,0.6946700426186713,2,False,False,Third pick rejected: requires lineup slot 1-2 and a 56% minimum across all models.,Watch,0.0,0.5894750000000001,0.5045,0.12830000000000008,0.7109826589595376,False,No Sol lead-risk warning.
2026-09-30,Ben Rice,NYY,BOS,-241,True,1.0,4.54,0.6906396528201098,3,False,False,Outside the Sol support ranks.,Watch,0.0,0.7133499999999999,0.6267,0.1642,0.7067448680351907,False,No Sol lead-risk warning.
2026-09-30,Ronald Acuña Jr.,ATL,PHI,-228,True,1.0,4.54,0.6866791299711994,4,False,False,Outside the Sol support ranks.,Watch,0.0,0.640875,0.5774,0.12129999999999996,0.6951219512195121,False,No Sol lead-risk warning.
2026-09-30,Alec Bohm,PHI,ATL,-232,True,4.0,4.28,0.681036623597381,5,False,False,Outside the Sol support ranks.,Watch,0.0,0.5898625000000001,0.4978,0.14769999999999994,0.6987951807228916,False,No Sol lead-risk warning.
2026-09-30,Ozzie Albies,ATL,PHI,-221,True,3.0,4.3,0.6668229718634077,6,False,False,Outside the Sol support ranks.,Watch,0.0,0.5938875,0.5074,0.13280000000000003,0.6884735202492211,False,No Sol lead-risk warning.
2026-09-30,Cody Bellinger,NYY,BOS,-208,True,2.0,4.42,0.6660986384737146,7,False,False,Outside the Sol support ranks.,Watch,0.0,0.68575,0.5953,0.1594,0.6753246753246753,False,No Sol lead-risk warning.
2026-09-30,Drake Baldwin,ATL,PHI,-228,True,2.0,4.42,0.6599412810648028,8,False,False,Outside the Sol support ranks.,Watch,0.0,0.6715374999999999,0.6151,0.10520000000000007,0.6951219512195121,False,No Sol lead-risk warning.
2026-09-30,Sam Antonacci,CWS,HOU,-195,True,1.0,4.62,0.6403275859497923,9,False,False,Outside the Sol support ranks.,Watch,0.0,0.6345125,0.5469,0.1785,0.6610169491525424,True,Lead caution: model floor below 57% and model spread above 15 points; historical sample 2/6.
2026-09-30,Bryce Harper,PHI,ATL,-204,True,3.0,4.38,0.6374721840356347,10,False,False,Outside the Sol support ranks.,Watch,0.0,0.6734125,0.5911,0.14380000000000004,0.6710526315789473,False,No Sol lead-risk warning.
2026-09-30,Matt Olson,ATL,PHI,-193,True,4.0,4.2,0.6316985595245276,11,False,False,Outside the Sol support ranks.,Watch,0.0,0.6198874999999999,0.5702,0.08379999999999999,0.658703071672355,False,No Sol lead-risk warning.
2026-09-30,Luis Garcia (NYY),MIN,BOS,-186,True,3.0,4.3,0.6057064692606646,12,False,False,Outside the Sol support ranks.,Watch,0.0,0.66445,0.5703,0.17699999999999994,0.6503496503496503,False,No Sol lead-risk warning.
2026-09-30,Kyle Schwarber,PHI,ATL,-172,True,2.0,4.5,0.5989270961979097,13,False,False,Outside the Sol support ranks.,Watch,0.0,0.654625,0.5524,0.15749999999999997,0.6323529411764706,True,Lead caution: model floor below 57% and model spread above 15 points; historical sample 2/6.
2026-09-30,Miguel Vargas,CWS,HOU,-165,True,3.0,4.38,0.5946547301253673,14,False,False,Outside the Sol support ranks.,Watch,0.0,0.599825,0.5218,0.1529999999999999,0.6226415094339622,True,Lead caution: model floor below 57% and model spread above 15 points; historical sample 2/6.
2026-09-30,Bryson Stott,PHI,ATL,-182,True,5.0,4.15,0.5758966161302921,15,False,False,Outside the Sol support ranks.,Watch,0.0,0.5966,0.5242,0.12560000000000004,0.6453900709219859,False,No Sol lead-risk warning.
2026-09-30,Andrew Benintendi,CWS,HOU,-124,True,5.0,4.15,0.5398690112981724,16,False,False,Outside the Sol support ranks.,Watch,0.0,0.5307875000000001,0.4324,0.20519999999999994,0.5535714285714286,True,Lead caution: model floor below 57% and model spread above 15 points; historical sample 2/6.
2026-09-30,George Lombard Jr.,NYY,BOS,-153,True,5.0,4.07,0.5333408545055707,17,False,False,Outside the Sol support ranks.,Watch,0.0,0.59185,0.5247,0.11769999999999992,0.6047430830039525,False,No Sol lead-risk warning.
2026-09-30,Spencer Jones,NYY,BOS,-141,True,4.0,4.2,0.5224912796566611,18,False,False,Outside the Sol support ranks.,Watch,0.0,0.579,0.5051,0.12780000000000002,0.5850622406639004,False,No Sol lead-risk warning.
2026-09-30,Kyle Teel,CWS,HOU,-140,True,2.0,4.5,0.5183387489790353,19,False,False,Outside the Sol support ranks.,Watch,0.0,0.5691125000000001,0.4704,0.21739999999999998,0.5833333333333334,True,Lead caution: model floor below 57% and model spread above 15 points; historical sample 2/6.
2026-09-30,Munetaka Murakami,CWS,HOU,-121,True,4.0,4.28,0.5074627344695963,20,False,False,Outside the Sol support ranks.,Watch,0.0,0.5571624999999999,0.4675,0.17969999999999997,0.5475113122171946,True,Lead caution: model floor below 57% and model spread above 15 points; historical sample 2/6.
